ad_id,reporting_start,reporting_end,campaign_id,fb_campaign_id,age,gender,interest1,interest2,interest3,impressions,clicks,spent,total_conversion,approved_conversion,CTR,ROI
708746,2017-08-17,2017-08-17,916,103916,30-34,M,15,17,17,7350.0,1,1.429999948,2.0,1.0,0.00013605442176870748,0.39860144945963305
708749,2017-08-17,2017-08-17,916,103917,30-34,M,16,19,21,17861.0,2,1.820000023,2.0,0.0,0.00011197581322434354,0.0989010850138874
708771,2017-08-17,2017-08-17,916,103920,30-34,M,20,25,22,693.0,0,0.0,1.0,0.0,0.0,0.0
708815,2017-08-30,2017-08-30,916,103928,30-34,M,28,32,32,4259.0,1,1.25,1.0,0.0,0.00023479690068091102,-0.2
708818,2017-08-17,2017-08-17,916,103928,30-34,M,28,33,32,4133.0,1,1.289999962,1.0,1.0,0.00024195499637067505,-0.22480617871522077
708820,2017-08-17,2017-08-17,916,103929,30-34,M,29,30,30,1915.0,0,0.0,1.0,1.0,0.0,0.0
708889,2017-08-17,2017-08-17,916,103940,30-34,M,15,16,17,15615.0,3,4.769999981,1.0,0.0,0.00019212295869356388,-0.7903563932949207
708895,2017-08-17,2017-08-17,916,103941,30-34,M,16,20,18,10951.0,1,1.269999981,1.0,1.0,9.131586156515387e-05,-0.21259841341682667
708953,2017-08-17,2017-08-17,916,103951,30-34,M,27,31,31,2355.0,1,1.5,1.0,0.0,0.0004246284501061571,-0.3333333333333333
708958,2017-08-30,2017-08-30,916,103952,30-34,M,28,32,31,9502.0,3,3.159999967,1.0,0.0,0.0003157230056830141,-0.6835443004927094
708979,2017-08-30,2017-08-30,916,103955,30-34,M,31,37,34,1224.0,0,0.0,1.0,0.0,0.0,0.0
709023,2017-08-29,2017-08-29,916,103962,30-34,M,7,8,8,735.0,0,0.0,1.0,0.0,0.0,0.0
709038,2017-08-29,2017-08-29,916,103965,30-34,M,16,20,22,5117.0,0,0.0,1.0,0.0,0.0,0.0
709040,2017-08-29,2017-08-29,916,103965,30-34,M,16,19,21,5120.0,0,0.0,1.0,0.0,0.0,0.0
709059,2017-08-30,2017-08-30,916,103968,30-34,M,20,26,23,14669.0,7,10.28000021,1.0,1.0,0.000477196809598473,-0.9027237373957213
709105,2017-08-30,2017-08-30,916,103976,30-34,M,28,30,32,1241.0,0,0.0,1.0,1.0,0.0,0.0
709115,2017-08-30,2017-08-30,916,103978,30-34,M,30,34,31,2305.0,1,0.569999993,1.0,0.0,0.0004338394793926247,0.7543859864573716
709124,2017-08-30,2017-08-30,916,103979,30-34,M,31,34,33,1024.0,0,0.0,1.0,1.0,0.0,0.0
709179,2017-08-30,2017-08-30,916,103988,35-39,M,15,16,17,4627.0,1,1.690000057,1.0,0.0,0.0002161227577263886,-0.4082840436259228
709183,2017-08-30,2017-08-30,916,103989,35-39,M,16,20,22,21026.0,4,4.630000114,2.0,1.0,0.00019024065442785123,-0.5680345678712871
709320,2017-08-17,2017-08-17,916,104012,35-39,M,15,21,20,1422.0,0,0.0,1.0,1.0,0.0,0.0
709323,2017-08-17,2017-08-17,916,104012,35-39,M,15,17,19,7132.0,2,2.609999895,1.0,0.0,0.00028042624789680314,-0.6168582221341431
709326,2017-08-18,2017-08-18,916,104013,35-39,M,16,22,22,12190.0,2,3.049999952,1.0,0.0,0.00016406890894175554,-0.6721311423810803
709327,2017-08-18,2017-08-18,916,104013,35-39,M,16,22,20,12193.0,2,3.059999943,1.0,1.0,0.0001640285409661281,-0.6732026082916825
709328,2017-08-18,2017-08-18,916,104013,35-39,M,16,19,18,3332.0,0,0.0,1.0,1.0,0.0,0.0
709455,2017-08-18,2017-08-18,916,104034,35-39,M,7,12,10,559.0,0,0.0,1.0,0.0,0.0,0.0
709544,2017-08-18,2017-08-18,916,104049,35-39,M,29,33,32,7440.0,2,2.980000019,1.0,1.0,0.00026881720430107527,-0.6644295323408855
709614,2017-08-19,2017-08-19,916,104061,40-44,M,16,19,20,19113.0,4,5.5200001,1.0,0.0,0.00020928164076806363,-0.8188405829920185
709756,2017-08-19,2017-08-19,916,104085,40-44,M,16,21,21,10976.0,2,1.690000057,1.0,1.0,0.00018221574344023323,-0.4082840436259228
709761,2017-08-18,2017-08-18,916,104085,40-44,M,16,19,20,2861.0,0,0.0,1.0,0.0,0.0,0.0
709899,2017-08-18,2017-08-18,916,104108,40-44,M,15,18,20,1398.0,0,0.0,1.0,1.0,0.0,0.0
709901,2017-08-18,2017-08-18,916,104109,40-44,M,16,18,20,23817.0,7,8.470000148,1.0,1.0,0.0002939077129781249,-0.8819362476355886
710045,2017-08-17,2017-08-17,916,104133,45-49,M,16,22,17,47224.0,12,15.82000017,1.0,0.0,0.00025410808063696424,-0.936788875521232
710088,2017-08-17,2017-08-17,916,104140,45-49,M,24,26,27,2283.0,1,1.470000029,1.0,0.0,0.0004380201489268506,-0.3197279045767964
710360,2017-08-17,2017-08-17,916,104185,45-49,M,21,26,24,2182.0,1,1.529999971,1.0,1.0,0.00045829514207149406,-0.3464052163697721
710477,2017-08-17,2017-08-17,916,104205,30-34,F,16,19,19,2654.0,0,0.0,1.0,1.0,0.0,0.0
710480,2017-08-17,2017-08-17,916,104205,30-34,F,16,21,20,57665.0,14,18.06999969,1.0,1.0,0.00024278158328275385,-0.9446596559404811
710571,2017-08-18,2017-08-18,916,104220,30-34,F,32,37,38,3091.0,1,1.610000014,1.0,1.0,0.00032351989647363315,-0.37888199297866587
710617,2017-08-18,2017-08-18,916,104228,30-34,F,15,19,16,5014.0,1,1.190000057,1.0,0.0,0.00019944156362185878,-0.15966390579761122
710623,2017-08-18,2017-08-18,916,104229,30-34,F,16,19,20,38726.0,7,9.220000267,1.0,0.0,0.00018075711408356142,-0.8915401332927098
710628,2017-08-17,2017-08-17,916,104230,30-34,F,18,24,22,1473.0,0,0.0,1.0,0.0,0.0,0.0
710682,2017-08-29,2017-08-29,916,104239,30-34,F,27,33,32,1186.0,0,0.0,1.0,0.0,0.0,0.0
710763,2017-08-29,2017-08-29,916,104252,30-34,F,15,19,17,5369.0,1,1.50999999,1.0,0.0,0.00018625442354255913,-0.33774833998508835
710836,2017-08-27,2017-08-27,916,104265,30-34,F,29,33,31,22221.0,7,9.430000067,1.0,1.0,0.0003150173259529274,-0.8939554620471881
710867,2017-08-26,2017-08-26,916,104270,30-34,F,63,64,68,1185.0,0,0.0,1.0,0.0,0.0,0.0
710880,2017-08-26,2017-08-26,916,104272,30-34,F,65,70,68,13019.0,5,6.960000038,1.0,0.0,0.00038405407481373376,-0.8563218398649095
710961,2017-08-27,2017-08-27,916,104285,35-39,F,25,29,26,2508.0,1,1.220000029,1.0,0.0,0.00039872408293460925,-0.18032788833646818
710968,2017-08-27,2017-08-27,916,104287,35-39,F,27,31,29,5864.0,2,2.799999952,1.0,1.0,0.00034106412005457026,-0.6428571367346938
711217,2017-08-27,2017-08-27,916,104328,35-39,F,20,26,23,2783.0,1,1.600000024,1.0,0.0,0.00035932446999640676,-0.3750000093749999
711623,2017-08-27,2017-08-27,916,104396,40-44,F,15,18,20,3812.0,1,1.129999995,2.0,1.0,0.00026232948583420777,0.7699115122562458
711764,2017-08-27,2017-08-27,916,104419,45-49,F,10,16,11,11199.0,4,5.730000019,1.0,1.0,0.0003571747477453344,-0.82547993077066
711785,2017-08-26,2017-08-26,916,104423,45-49,F,19,25,23,292.0,0,0.0,1.0,0.0,0.0,0.0
711877,2017-08-26,2017-08-26,916,104438,45-49,F,63,67,65,17572.0,7,9.379999995,1.0,0.0,0.00039836102890962894,-0.8933901918408264
712052,2017-08-25,2017-08-25,916,104467,45-49,F,10,13,11,1448.0,0,0.0,1.0,1.0,0.0,0.0
734209,2017-08-25,2017-08-25,936,108654,30-34,M,10,16,14,1772.0,0,0.0,1.0,1.0,0.0,0.0
734210,2017-08-25,2017-08-25,936,108654,30-34,M,10,16,13,13329.0,4,5.629999995,1.0,1.0,0.00030009753169780176,-0.8223801064141919
734215,2017-08-26,2017-08-26,936,108655,30-34,M,15,19,17,13659.0,3,3.840000033,1.0,0.0,0.00021963540522732265,-0.7395833355712891
734243,2017-08-26,2017-08-26,936,108660,30-34,M,21,23,24,739.0,0,0.0,1.0,1.0,0.0,0.0
734266,2017-08-26,2017-08-26,936,108664,30-34,M,25,30,27,605.0,0,0.0,1.0,0.0,0.0,0.0
734272,2017-08-26,2017-08-26,936,108665,30-34,M,26,32,29,1030.0,0,0.0,1.0,0.0,0.0,0.0
734290,2017-08-26,2017-08-26,936,108668,30-34,M,29,32,35,5374.0,1,1.039999962,4.0,0.0,0.00018608113137327876,2.846153986686396
734313,2017-08-26,2017-08-26,936,108672,30-34,M,36,38,38,790.0,0,0.0,1.0,1.0,0.0,0.0
734314,2017-08-27,2017-08-27,936,108672,30-34,M,36,38,38,962.0,0,0.0,1.0,0.0,0.0,0.0
734352,2017-08-27,2017-08-27,936,108678,35-39,M,10,11,16,4423.0,1,1.460000038,1.0,1.0,0.00022609088853719196,-0.3150685109776689
734361,2017-08-29,2017-08-29,936,108680,35-39,M,16,19,19,12382.0,2,2.839999914,1.0,1.0,0.00016152479405588758,-0.6478873132810947
734381,2017-08-29,2017-08-29,936,108683,35-39,M,20,25,24,2938.0,1,1.350000024,1.0,1.0,0.0003403675970047651,-0.25925927242798336
734399,2017-08-28,2017-08-28,936,108686,35-39,M,23,24,27,239.0,0,0.0,1.0,0.0,0.0,0.0
734418,2017-08-29,2017-08-29,936,108689,35-39,M,26,27,28,591.0,0,0.0,1.0,0.0,0.0,0.0
734421,2017-08-29,2017-08-29,936,108690,35-39,M,27,29,32,10332.0,4,5.75,1.0,0.0,0.00038714672861014324,-0.8260869565217391
734427,2017-08-29,2017-08-29,936,108691,35-39,M,28,29,31,8259.0,3,3.980000019,1.0,0.0,0.0003632401017072285,-0.7487437197924295
734433,2017-08-29,2017-08-29,936,108692,35-39,M,29,35,31,12158.0,3,4.449999928,1.0,0.0,0.0002467511103799967,-0.7752808952404999
734582,2017-08-29,2017-08-29,936,108716,40-44,M,29,33,33,7709.0,2,1.320000052,2.0,0.0,0.0002594370216629913,0.5151514554637306
734605,2017-08-28,2017-08-28,936,108720,40-44,M,36,37,41,834.0,0,0.0,1.0,0.0,0.0,0.0
734660,2017-08-28,2017-08-28,936,108729,45-49,M,18,22,23,1299.0,0,0.0,2.0,0.0,0.0,0.0
734666,2017-08-28,2017-08-28,936,108730,45-49,M,19,24,20,371.0,0,0.0,1.0,0.0,0.0,0.0
734726,2017-08-28,2017-08-28,936,108740,45-49,M,29,30,35,10466.0,3,4.090000033,1.0,0.0,0.0002866424613032677,-0.755501224466616
734737,2017-08-27,2017-08-27,936,108742,45-49,M,31,37,33,839.0,0,0.0,1.0,0.0,0.0,0.0
734785,2017-08-28,2017-08-28,936,108750,30-34,F,10,13,13,5576.0,1,1.529999971,1.0,1.0,0.0001793400286944046,-0.3464052163697721
734794,2017-08-28,2017-08-28,936,108752,30-34,F,16,19,17,4010.0,0,0.0,1.0,0.0,0.0,0.0
734796,2017-08-28,2017-08-28,936,108752,30-34,F,16,22,17,39337.0,7,10.03000009,1.0,1.0,0.00017794951318097466,-0.9002991035865484
734800,2017-08-28,2017-08-28,936,108753,30-34,F,18,20,20,1635.0,0,0.0,1.0,0.0,0.0,0.0
734803,2017-08-28,2017-08-28,936,108753,30-34,F,18,19,21,1631.0,0,0.0,1.0,0.0,0.0,0.0
734852,2017-08-28,2017-08-28,936,108761,30-34,F,26,30,29,13479.0,3,4.25,1.0,0.0,0.00022256843979523704,-0.7647058823529411
734854,2017-08-19,2017-08-19,936,108762,30-34,F,27,33,32,57022.0,13,20.29000032,3.0,3.0,0.0002279821823155975,-0.8521439155896474
734856,2017-08-19,2017-08-19,936,108762,30-34,F,27,28,32,5453.0,1,1.389999986,1.0,1.0,0.00018338529249954154,-0.28057553232234356
734866,2017-08-20,2017-08-20,936,108764,30-34,F,29,32,31,11803.0,3,4.440000057,1.0,0.0,0.0002541726679657714,-0.7747747776661796
734881,2017-08-20,2017-08-20,936,108766,30-34,F,31,32,34,4259.0,1,1.570000052,1.0,1.0,0.00023479690068091102,-0.3630573459369541
734901,2017-08-20,2017-08-20,936,108770,30-34,F,64,70,68,1554.0,0,0.0,1.0,0.0,0.0,0.0
734903,2017-08-20,2017-08-20,936,108770,30-34,F,64,69,67,5323.0,1,1.289999962,1.0,1.0,0.00018786398647379298,-0.22480617871522077
734925,2017-08-20,2017-08-20,936,108774,35-39,F,10,11,12,5024.0,1,1.409999967,1.0,1.0,0.00019904458598726116,-0.29078012524520863
734939,2017-08-20,2017-08-20,936,108776,35-39,F,16,19,22,104648.0,24,33.33000004,4.0,2.0,0.00022934026450577172,-0.8799879989439088
734968,2017-08-20,2017-08-20,936,108781,35-39,F,22,25,27,8504.0,3,3.340000093,1.0,1.0,0.0003527751646284102,-0.7005988107318295
734999,2017-08-20,2017-08-20,936,108786,35-39,F,27,32,32,20277.0,6,8.050000072,1.0,0.0,0.00029590176061547566,-0.8757763986265962
735014,2017-08-19,2017-08-19,936,108788,35-39,F,29,34,30,12403.0,4,5.210000038,1.0,1.0,0.0003225026203337902,-0.8080614217454254
735032,2017-08-19,2017-08-19,936,108791,35-39,F,32,33,34,498.0,0,0.0,1.0,1.0,0.0,0.0
735033,2017-08-18,2017-08-18,936,108792,35-39,F,36,40,40,652.0,0,0.0,0.0,0.0,0.0,0.0
735043,2017-08-18,2017-08-18,936,108793,35-39,F,63,65,69,1357.0,0,0.0,1.0,1.0,0.0,0.0
735048,2017-08-18,2017-08-18,936,108794,35-39,F,64,65,68,1393.0,0,0.0,1.0,0.0,0.0,0.0
735065,2017-08-19,2017-08-19,936,108797,40-44,F,7,10,12,648.0,0,0.0,1.0,0.0,0.0,0.0
735109,2017-08-19,2017-08-19,936,108804,40-44,F,21,26,25,708.0,0,0.0,1.0,1.0,0.0,0.0
735140,2017-08-19,2017-08-19,936,108809,40-44,F,26,27,31,6907.0,2,2.349999964,1.0,0.0,0.0002895613146083683,-0.5744680785875962
735143,2017-08-19,2017-08-19,936,108810,40-44,F,27,28,30,39035.0,13,19.32999957,1.0,0.0,0.0003330344562572051,-0.9482669414254933
735151,2017-08-19,2017-08-19,936,108811,40-44,F,28,30,31,926.0,0,0.0,1.0,0.0,0.0,0.0
735184,2017-08-19,2017-08-19,936,108817,40-44,F,63,66,67,4412.0,1,1.450000048,1.0,0.0,0.00022665457842248413,-0.31034485041617044
735189,2017-08-21,2017-08-21,936,108818,40-44,F,64,65,66,9965.0,3,4.050000072,1.0,0.0,0.00030105368790767686,-0.753086424142661
735213,2017-08-21,2017-08-21,936,108822,45-49,F,10,16,11,73634.0,23,32.97999978,1.0,0.0,0.0003123557052448597,-0.9696785928844539
735220,2017-08-18,2017-08-18,936,108823,45-49,F,15,17,17,69708.0,20,31.28999949,1.0,0.0,0.0002869111149365926,-0.9680409071173174
735242,2017-08-18,2017-08-18,936,108826,45-49,F,19,25,21,530.0,0,0.0,1.0,0.0,0.0,0.0
735247,2017-08-18,2017-08-18,936,108827,45-49,F,20,24,25,14257.0,6,8.789999962,1.0,0.0,0.00042084590025952165,-0.8862343567322987
735289,2017-08-18,2017-08-18,936,108834,45-49,F,27,30,30,20362.0,5,9.119999886,1.0,1.0,0.0002455554464198016,-0.8903508758223684
735290,2017-08-18,2017-08-18,936,108834,45-49,F,27,29,33,12215.0,4,6.26000011,1.0,0.0,0.0003274662300450266,-0.8402555938613234
735298,2017-08-18,2017-08-18,936,108836,45-49,F,29,31,32,85412.0,28,38.63999999,2.0,1.0,0.0003278227883669742,-0.9482401656180746
736869,2017-08-18,2017-08-18,936,109448,30-34,M,2,6,8,2338.0,1,0.239999995,1.0,0.0,0.000427715996578272,3.166666753472224
736890,2017-08-18,2017-08-18,936,109451,30-34,M,15,16,20,2522.0,0,0.0,1.0,0.0,0.0,0.0
736893,2017-08-18,2017-08-18,936,109452,30-34,M,16,17,17,3587.0,0,0.0,1.0,0.0,0.0,0.0
736977,2017-08-18,2017-08-18,936,109470,30-34,M,27,30,28,1273.0,0,0.0,1.0,0.0,0.0,0.0
736988,2017-08-21,2017-08-21,936,109472,30-34,M,28,29,29,3891.0,1,1.090000033,1.0,0.0,0.00025700334104343357,-0.08256883511488841
736995,2017-08-21,2017-08-21,936,109473,30-34,M,29,34,34,1888.0,0,0.0,1.0,0.0,0.0,0.0
736997,2017-08-21,2017-08-21,936,109473,30-34,M,29,32,33,1895.0,0,0.0,1.0,0.0,0.0,0.0
737097,2017-08-21,2017-08-21,936,109498,35-39,M,7,10,11,715.0,0,0.0,1.0,0.0,0.0,0.0
737130,2017-08-21,2017-08-21,936,109507,35-39,M,16,19,18,11199.0,2,2.680000067,1.0,0.0,0.0001785873738726672,-0.626865680970149
737320,2017-08-18,2017-08-18,936,109553,35-39,M,63,64,66,5676.0,2,3.00999999,1.0,0.0,0.00035236081747709656,-0.6677740852749969
737375,2017-08-21,2017-08-21,936,109565,40-44,M,10,11,11,1415.0,0,0.0,1.0,0.0,0.0,0.0
737524,2017-08-21,2017-08-21,936,109601,40-44,M,30,34,33,2148.0,1,1.580000043,1.0,1.0,0.0004655493482309125,-0.36708862481974
737644,2017-08-21,2017-08-21,936,109629,45-49,M,16,22,17,45401.0,10,14.06000042,1.0,0.0,0.00022025946565053632,-0.9288762467903254
737657,2017-08-18,2017-08-18,936,109633,45-49,M,18,23,20,7478.0,2,2.900000095,1.0,1.0,0.0002674511901577962,-0.6551724250891792
737658,2017-08-18,2017-08-18,936,109633,45-49,M,18,19,24,4919.0,1,1.590000033,1.0,0.0,0.00020329335230737954,-0.3710691954432179
737674,2017-08-20,2017-08-20,936,109637,45-49,M,20,21,24,533.0,0,0.0,1.0,1.0,0.0,0.0
737766,2017-08-20,2017-08-20,936,109659,45-49,M,29,33,33,1447.0,0,0.0,1.0,1.0,0.0,0.0
737896,2017-08-20,2017-08-20,936,109689,30-34,F,16,21,22,17553.0,3,4.590000153,1.0,0.0,0.00017091095539224064,-0.7821350835148873
737931,2017-08-20,2017-08-20,936,109698,30-34,F,20,26,24,3343.0,1,0.540000021,1.0,0.0,0.0002991325157044571,0.8518517798353937
737961,2017-08-20,2017-08-20,936,109706,30-34,F,23,29,28,523.0,0,0.0,1.0,0.0,0.0,0.0
737995,2017-08-20,2017-08-20,936,109714,30-34,F,26,27,31,1873.0,0,0.0,1.0,0.0,0.0,0.0
738006,2017-08-20,2017-08-20,936,109717,30-34,F,27,29,32,34740.0,7,13.41000009,1.0,1.0,0.00020149683362118595,-0.9254287849896651
738067,2017-08-20,2017-08-20,936,109731,30-34,F,32,37,36,658.0,0,0.0,1.0,0.0,0.0,0.0
738098,2017-08-20,2017-08-20,936,109738,30-34,F,64,70,68,1539.0,0,0.0,1.0,0.0,0.0,0.0
738307,2017-08-20,2017-08-20,936,109788,35-39,F,31,36,36,3010.0,1,0.860000014,1.0,1.0,0.0003322259136212625,0.16279067874526798
738389,2017-08-19,2017-08-19,936,109808,40-44,F,10,16,12,27081.0,9,10.77000046,1.0,1.0,0.00033233632436025255,-0.907149493287951
738408,2017-08-19,2017-08-19,936,109813,40-44,F,16,22,22,20233.0,4,5.590000153,3.0,0.0,0.00019769683190826867,-0.4633273849930072
738413,2017-08-19,2017-08-19,936,109813,40-44,F,16,17,19,147159.0,36,58.16000044,3.0,1.0,0.00024463335575805763,-0.9484181571990373
738423,2017-08-19,2017-08-19,936,109816,40-44,F,18,20,24,21664.0,7,10.61999977,1.0,1.0,0.00032311669128508124,-0.9058380393919726
738436,2017-08-19,2017-08-19,936,109820,40-44,F,19,21,20,9112.0,4,5.460000038,1.0,1.0,0.0004389815627743635,-0.8168498181244884
738463,2017-08-20,2017-08-20,936,109826,40-44,F,21,23,24,542.0,0,0.0,1.0,0.0,0.0,0.0
738528,2017-08-19,2017-08-19,936,109839,40-44,F,30,34,33,402.0,0,0.0,1.0,1.0,0.0,0.0
738560,2017-08-19,2017-08-19,936,109844,40-44,F,64,70,66,1338.0,0,0.0,1.0,0.0,0.0,0.0
738582,2017-08-19,2017-08-19,936,109848,45-49,F,10,16,12,46150.0,15,20.17999983,1.0,1.0,0.0003250270855904659,-0.9504459857074241
738592,2017-08-20,2017-08-20,936,109850,45-49,F,16,22,20,493821.0,116,176.3799977,4.0,1.0,0.0002349029304140569,-0.9773216915060658
738593,2017-08-20,2017-08-20,936,109850,45-49,F,16,17,21,92011.0,27,34.39000046,2.0,1.0,0.00029344317527252176,-0.941843559952078
738598,2017-08-21,2017-08-21,936,109851,45-49,F,18,23,24,12956.0,4,5.49000001,1.0,1.0,0.00030873726458783575,-0.8178506378545526
738606,2017-08-21,2017-08-21,936,109852,45-49,F,19,20,23,529.0,0,0.0,1.0,0.0,0.0,0.0
738637,2017-08-21,2017-08-21,936,109857,45-49,F,24,26,30,944.0,1,1.419999957,1.0,0.0,0.001059322033898305,-0.29577462656218934
738648,2017-08-18,2017-08-18,936,109859,45-49,F,26,30,27,111090.0,38,51.97000027,5.0,1.0,0.0003420649923485462,-0.9037906489508664
747212,2017-08-18,2017-08-18,936,110836,30-34,M,10,16,14,7208.0,2,3.190000057,1.0,0.0,0.0002774694783573807,-0.6865203817769086
747213,2017-08-18,2017-08-18,936,110836,30-34,M,10,12,11,1746.0,0,0.0,1.0,0.0,0.0,0.0
747220,2017-08-18,2017-08-18,936,110837,30-34,M,15,17,16,2474.0,0,0.0,2.0,2.0,0.0,0.0
747222,2017-08-18,2017-08-18,936,110838,30-34,M,16,22,20,12489.0,2,1.960000038,1.0,0.0,0.00016014092401313155,-0.48979592825905854
747223,2017-08-18,2017-08-18,936,110838,30-34,M,16,18,18,8032.0,1,0.600000024,2.0,0.0,0.0001245019920318725,2.3333332000000055
747248,2017-08-21,2017-08-21,936,110842,30-34,M,21,24,24,472.0,0,0.0,1.0,1.0,0.0,0.0
747332,2017-08-21,2017-08-21,936,110856,30-34,M,64,68,65,792.0,0,0.0,1.0,1.0,0.0,0.0
747362,2017-08-21,2017-08-21,936,110861,35-39,M,15,16,18,4607.0,1,1.149999976,1.0,1.0,0.00021706099413935315,-0.1304347644612472
747369,2017-08-21,2017-08-21,936,110862,35-39,M,16,17,21,13355.0,2,3.180000067,1.0,1.0,0.00014975664545114188,-0.6855345978204974
747370,2017-08-20,2017-08-20,936,110862,35-39,M,16,17,19,2936.0,0,0.0,1.0,0.0,0.0,0.0
747401,2017-08-21,2017-08-21,936,110867,35-39,M,22,25,25,2793.0,1,0.980000019,1.0,1.0,0.00035803795202291446,0.020408143481882933
747435,2017-08-21,2017-08-21,936,110873,35-39,M,28,29,30,1032.0,0,0.0,1.0,0.0,0.0,0.0
747439,2017-08-21,2017-08-21,936,110874,35-39,M,29,35,33,1662.0,0,0.0,1.0,1.0,0.0,0.0
747489,2017-08-21,2017-08-21,936,110882,40-44,M,2,7,6,4016.0,2,1.480000049,1.0,1.0,0.00049800796812749,-0.3243243466946669
747514,2017-08-21,2017-08-21,936,110886,40-44,M,16,20,17,14843.0,3,2.939999938,1.0,1.0,0.0002021154753082261,-0.659863938405294
747645,2017-08-21,2017-08-21,936,110908,45-49,M,10,14,13,9674.0,3,4.600000024,1.0,1.0,0.0003101095720487906,-0.7826086967863894
747659,2017-08-25,2017-08-25,936,110910,45-49,M,16,21,17,12186.0,2,2.669999957,1.0,0.0,0.00016412276382734285,-0.6254681587622213
747675,2017-08-25,2017-08-25,936,110913,45-49,M,20,22,21,673.0,0,0.0,1.0,0.0,0.0,0.0
747678,2017-08-25,2017-08-25,936,110914,45-49,M,21,27,23,370.0,0,0.0,1.0,1.0,0.0,0.0
747712,2017-08-24,2017-08-24,936,110919,45-49,M,26,30,29,450.0,0,0.0,1.0,1.0,0.0,0.0
747790,2017-08-24,2017-08-24,936,110932,30-34,F,10,12,14,2077.0,0,0.0,1.0,1.0,0.0,0.0
747791,2017-08-25,2017-08-25,936,110932,30-34,F,10,14,13,31393.0,8,10.96000051,1.0,1.0,0.00025483388016436787,-0.9087591283332888
747795,2017-08-25,2017-08-25,936,110933,30-34,F,15,21,18,8410.0,2,2.359999895,1.0,1.0,0.00023781212841854935,-0.5762711675883359
747798,2017-08-25,2017-08-25,936,110934,30-34,F,16,21,20,25884.0,5,7.350000143,1.0,0.0,0.00019316952557564519,-0.8639455808783377
747824,2017-08-25,2017-08-25,936,110938,30-34,F,21,24,23,608.0,0,0.0,1.0,1.0,0.0,0.0
747828,2017-08-25,2017-08-25,936,110939,30-34,F,22,24,24,28488.0,10,9.340000033,1.0,0.0,0.00035102499297950013,-0.892933619221969
747852,2017-08-24,2017-08-24,936,110943,30-34,F,26,32,32,10126.0,3,4.619999886,1.0,0.0,0.0002962670353545329,-0.783549778208804
747859,2017-08-24,2017-08-24,936,110944,30-34,F,27,32,33,22572.0,5,8.5,1.0,0.0,0.00022151337940811626,-0.8823529411764706
747863,2017-08-24,2017-08-24,936,110944,30-34,F,27,30,33,1955.0,0,0.0,1.0,1.0,0.0,0.0
747879,2017-08-24,2017-08-24,936,110947,30-34,F,30,36,31,493.0,0,0.0,1.0,0.0,0.0,0.0
747903,2017-08-24,2017-08-24,936,110951,30-34,F,63,69,69,1491.0,0,0.0,1.0,1.0,0.0,0.0
747911,2017-08-24,2017-08-24,936,110952,30-34,F,64,66,66,1495.0,0,0.0,1.0,1.0,0.0,0.0
747968,2017-08-24,2017-08-24,936,110962,35-39,F,21,27,24,512.0,0,0.0,0.0,0.0,0.0,0.0
747991,2017-08-24,2017-08-24,936,110966,35-39,F,25,31,27,4868.0,2,2.420000076,1.0,0.0,0.0004108463434675431,-0.5867768724813874
748000,2017-08-24,2017-08-24,936,110967,35-39,F,26,27,32,6585.0,2,2.950000048,1.0,0.0,0.00030372057706909645,-0.6610169546681988
748007,2017-08-24,2017-08-24,936,110968,35-39,F,27,29,28,10164.0,2,3.720000029,1.0,1.0,0.0001967729240456513,-0.7311827977945426
748014,2017-08-24,2017-08-24,936,110970,35-39,F,29,31,35,11182.0,4,4.449999809,1.0,0.0,0.0003577177606868181,-0.7752808892311572
748045,2017-08-25,2017-08-25,936,110975,35-39,F,63,69,64,1238.0,0,0.0,1.0,0.0,0.0,0.0
748086,2017-08-25,2017-08-25,936,110982,40-44,F,16,19,18,34127.0,8,13.07000017,1.0,0.0,0.00023441849561930435,-0.9234889068865253
748087,2017-08-26,2017-08-26,936,110982,40-44,F,16,22,19,29466.0,7,10.84999967,2.0,0.0,0.0002375619357904025,-0.8156681971585719
748089,2017-08-26,2017-08-26,936,110982,40-44,F,16,18,21,38759.0,9,10.84999967,1.0,0.0,0.00023220413323357157,-0.907834098579286
748091,2017-08-26,2017-08-26,936,110982,40-44,F,16,17,19,41720.0,10,12.06000006,1.0,1.0,0.00023969319271332693,-0.9170812607773735
748225,2017-08-26,2017-08-26,936,111005,45-49,F,15,16,17,18602.0,5,8.860000134,1.0,0.0,0.00026878830233308245,-0.8871331845512588
748230,2017-08-26,2017-08-26,936,111006,45-49,F,16,17,20,83929.0,21,27.72999954,4.0,1.0,0.00025021148828176194,-0.8557518908635366
748231,2017-08-27,2017-08-27,936,111006,45-49,F,16,18,21,25194.0,6,7.349999905,1.0,0.0,0.00023815194093831864,-0.8639455764727659
748233,2017-08-27,2017-08-27,936,111006,45-49,F,16,22,18,78627.0,19,26.53000045,1.0,0.0,0.000241647271293576,-0.9623068231044828
748235,2017-08-26,2017-08-26,936,111006,45-49,F,16,18,19,102695.0,25,39.42999983,3.0,0.0,0.00024343931057987245,-0.9239157998241361
748294,2017-08-26,2017-08-26,936,111016,45-49,F,27,32,31,82827.0,24,47.93000031,3.0,0.0,0.00028976058531638235,-0.9374087214563592
748295,2017-08-26,2017-08-26,936,111016,45-49,F,27,31,32,9240.0,3,6.039999962,1.0,0.0,0.0003246753246753247,-0.8344370850510943
748303,2017-08-25,2017-08-25,936,111018,45-49,F,29,32,33,7706.0,2,2.369999886,1.0,0.0,0.0002595380223202699,-0.5780590514340641
748314,2017-08-25,2017-08-25,936,111020,45-49,F,31,34,32,7821.0,4,6.340000153,1.0,1.0,0.000511443549418233,-0.842271297181781
748341,2017-08-25,2017-08-25,936,111024,45-49,F,64,67,68,1363.0,0,0.0,1.0,1.0,0.0,0.0
776318,2017-08-25,2017-08-25,936,115484,45-49,F,15,16,19,3569.0,0,0.0,1.0,1.0,0.0,0.0
776322,2017-08-25,2017-08-25,936,115485,45-49,F,16,21,20,119063.0,34,53.21999949,1.0,0.0,0.0002855631052468021,-0.9812100712216674
776323,2017-08-26,2017-08-26,936,115485,45-49,F,16,17,18,99078.0,23,35.79999948,2.0,0.0,0.00023214033387835846,-0.9441340774008302
776325,2017-08-26,2017-08-26,936,115485,45-49,F,16,19,20,452398.0,114,180.2200012,1.0,0.0,0.00025199050393679903,-0.994451226315939
776334,2017-08-26,2017-08-26,936,115487,45-49,F,10,12,16,191223.0,48,76.41000056,1.0,0.0,0.00025101582968575954,-0.9869127078566795
776336,2017-08-26,2017-08-26,936,115487,45-49,F,10,15,14,22216.0,6,9.549999952,1.0,0.0,0.0002700756211739287,-0.8952879575888819
776338,2017-08-23,2017-08-23,936,115487,45-49,F,10,12,11,48291.0,11,18.01999998,1.0,0.0,0.00022778571576484232,-0.9445061042669324
776353,2017-08-23,2017-08-23,936,115490,40-44,F,63,66,67,27559.0,8,13.37,1.0,0.0,0.000290286294858304,-0.925205684367988
776373,2017-08-21,2017-08-21,936,115493,45-49,F,25,27,27,10194.0,4,4.590000033,2.0,1.0,0.00039238767902687857,-0.5642701556381449
776383,2017-08-21,2017-08-21,936,115495,45-49,F,23,27,29,1168.0,0,0.0,1.0,1.0,0.0,0.0
776405,2017-08-21,2017-08-21,936,115498,45-49,F,21,25,22,40126.0,16,25.86000001,1.0,0.0,0.0003987439565369087,-0.961330239767467
776416,2017-08-21,2017-08-21,936,115500,45-49,F,19,22,20,3659.0,1,0.49000001,1.0,1.0,0.00027329871549603714,1.0408162848813005
776430,2017-08-22,2017-08-22,936,115503,30-34,M,10,14,16,3200.0,0,0.0,1.0,0.0,0.0,0.0
776464,2017-08-22,2017-08-22,936,115508,45-49,F,29,30,31,7550.0,1,1.679999948,1.0,1.0,0.00013245033112582781,-0.4047618863378679
776469,2017-08-22,2017-08-22,936,115509,45-49,F,28,33,29,45397.0,15,25.41999936,1.0,1.0,0.0003304183095799282,-0.9606608959411083
776473,2017-08-22,2017-08-22,936,115510,30-34,M,16,22,22,23086.0,2,3.310000062,1.0,1.0,8.663259118080222e-05,-0.6978852020335702
776475,2017-08-21,2017-08-21,936,115510,30-34,M,16,21,20,16425.0,1,1.549999952,1.0,0.0,6.0882800608828e-05,-0.3548386896982304
776476,2017-08-21,2017-08-21,936,115510,30-34,M,16,17,18,43756.0,5,5.439999938,0.0,0.0,0.00011427004296553616,-1.0
776477,2017-08-21,2017-08-21,936,115510,30-34,M,16,22,17,9982.0,0,0.0,1.0,0.0,0.0,0.0
776489,2017-08-21,2017-08-21,936,115512,45-49,F,26,31,28,175389.0,55,81.60999787,1.0,0.0,0.00031358865151178236,-0.987746599361601
776494,2017-08-21,2017-08-21,936,115513,30-34,M,15,16,16,7015.0,0,0.0,1.0,0.0,0.0,0.0
776515,2017-08-21,2017-08-21,936,115517,45-49,F,65,68,68,12706.0,3,4.98999989,1.0,1.0,0.00023610892491736187,-0.7995991939791406
776519,2017-08-21,2017-08-21,936,115517,45-49,F,65,71,67,70702.0,20,31.7099998,1.0,0.0,0.00028287742920992336,-0.9684642066759016
776533,2017-08-21,2017-08-21,936,115520,45-49,F,63,64,68,63927.0,16,25.52000046,2.0,0.0,0.00025028548187776685,-0.9216300954565109
776534,2017-08-21,2017-08-21,936,115520,45-49,F,63,69,67,15105.0,3,4.25999999,1.0,0.0,0.00019860973187686197,-0.7652582154114043
776538,2017-08-21,2017-08-21,936,115521,30-34,F,15,16,19,8774.0,1,1.830000043,1.0,0.0,0.00011397310234784591,-0.45355192540834277
776551,2017-08-21,2017-08-21,936,115523,30-34,F,16,18,22,14459.0,1,1.389999986,1.0,0.0,6.916107614634484e-05,-0.28057553232234356
776552,2017-08-22,2017-08-22,936,115523,30-34,F,16,17,18,21596.0,2,2.809999943,1.0,0.0,9.260974254491573e-05,-0.6441281066602498
776553,2017-08-22,2017-08-22,936,115523,30-34,F,16,21,17,66765.0,8,11.04999971,1.0,0.0,0.00011982326069048154,-0.9095022600683851
776563,2017-08-23,2017-08-23,936,115525,30-34,F,7,9,13,1369.0,0,0.0,1.0,1.0,0.0,0.0
776579,2017-08-23,2017-08-23,936,115527,30-34,F,10,13,14,26910.0,5,7.229999781,1.0,0.0,0.0001858045336306206,-0.8616874093650819
776603,2017-08-23,2017-08-23,936,115531,30-34,F,2,3,6,506.0,0,0.0,1.0,0.0,0.0,0.0
776615,2017-08-23,2017-08-23,936,115533,45-49,M,63,66,68,11988.0,3,4.269999862,1.0,0.0,0.00025025025025025025,-0.7658079549605381
776623,2017-08-23,2017-08-23,936,115535,45-49,M,64,69,65,19353.0,6,9.4799999,1.0,1.0,0.0003100294527980158,-0.894514766819776
776631,2017-08-23,2017-08-23,936,115536,40-44,M,29,35,33,10960.0,2,2.890000105,1.0,0.0,0.0001824817518248175,-0.6539792513260133
776643,2017-08-23,2017-08-23,936,115538,30-34,M,15,18,18,33491.0,6,10.56999969,2.0,1.0,0.00017915260816338719,-0.8107852356994724
776644,2017-08-23,2017-08-23,936,115538,30-34,M,15,21,20,20083.0,2,3.200000048,2.0,1.0,9.958671513220136e-05,-0.3750000093749999
776659,2017-08-23,2017-08-23,936,115541,30-34,M,16,19,22,8817.0,0,0.0,1.0,1.0,0.0,0.0
776661,2017-08-23,2017-08-23,936,115541,30-34,M,16,18,22,15466.0,1,0.970000029,1.0,0.0,6.46579593948015e-05,0.030927804229993437
776662,2017-08-22,2017-08-22,936,115541,30-34,M,16,18,22,27072.0,3,4.370000005,1.0,0.0,0.00011081560283687943,-0.7711670483167425
776663,2017-08-22,2017-08-22,936,115541,30-34,M,16,19,22,15753.0,1,0.569999993,1.0,1.0,6.347997206881229e-05,0.7543859864573716
776668,2017-08-22,2017-08-22,936,115542,40-44,M,19,21,24,3523.0,1,1.809999943,1.0,1.0,0.0002838489923360772,-0.44751379475595926
776685,2017-08-22,2017-08-22,936,115545,40-44,M,16,22,17,7745.0,0,0.0,1.0,0.0,0.0,0.0
776686,2017-08-22,2017-08-22,936,115545,40-44,M,16,17,21,18709.0,2,3.319999933,1.0,0.0,0.00010690042225666791,-0.6987951746443605
776687,2017-08-23,2017-08-23,936,115545,40-44,M,16,20,20,8022.0,0,0.0,2.0,1.0,0.0,0.0
776696,2017-08-22,2017-08-22,936,115547,30-34,M,10,11,12,7966.0,1,1.179999948,1.0,1.0,0.00012553351744915893,-0.152542335535764
776697,2017-08-22,2017-08-22,936,115547,30-34,M,10,14,13,4132.0,0,0.0,1.0,1.0,0.0,0.0
776698,2017-08-22,2017-08-22,936,115547,30-34,M,10,14,16,12785.0,3,4.730000019,2.0,1.0,0.00023464998044583498,-0.5771670207259676
776699,2017-08-27,2017-08-27,936,115547,30-34,M,10,16,16,8213.0,1,1.379999995,1.0,1.0,0.00012175818823815901,-0.27536231621508084
776722,2017-08-27,2017-08-27,936,115551,30-34,M,2,4,7,545.0,0,0.0,1.0,1.0,0.0,0.0
776725,2017-08-22,2017-08-22,936,115552,40-44,M,23,26,27,2479.0,1,1.25999999,1.0,0.0,0.0004033884630899556,-0.2063492000503905
776780,2017-08-22,2017-08-22,936,115561,40-44,M,2,4,3,3812.0,2,3.049999952,1.0,0.0,0.0005246589716684155,-0.6721311423810803
776793,2017-08-22,2017-08-22,936,115563,45-49,M,21,23,26,1609.0,0,0.0,1.0,0.0,0.0,0.0
776799,2017-08-22,2017-08-22,936,115564,45-49,M,20,22,26,10257.0,3,3.579999924,1.0,1.0,0.0002924831822170225,-0.7206703851315501
776817,2017-08-22,2017-08-22,936,115567,40-44,M,10,14,16,12356.0,4,6.279999971,1.0,0.0,0.0003237293622531564,-0.8407643304748671
776825,2017-08-23,2017-08-23,936,115568,45-49,M,18,23,20,7410.0,1,1.210000038,1.0,0.0,0.0001349527665317139,-0.17355374496277495
776829,2017-08-23,2017-08-23,936,115569,45-49,M,16,20,19,140098.0,28,46.63000011,1.0,0.0,0.000199860097931448,-0.9785545786480591
776831,2017-08-22,2017-08-22,936,115569,45-49,M,16,18,20,107021.0,20,34.44000012,1.0,0.0,0.00018687921062221434,-0.97096399545541
776840,2017-08-22,2017-08-22,936,115571,35-39,M,36,38,40,2797.0,1,1.289999962,1.0,0.0,0.0003575259206292456,-0.22480617871522077
776861,2017-08-22,2017-08-22,936,115574,45-49,M,7,9,12,16461.0,6,9.21999979,1.0,0.0,0.00036449790413705123,-0.8915401276814996
776892,2017-08-30,2017-08-30,936,115580,40-44,M,63,66,69,17488.0,5,7.719999909,1.0,0.0,0.0002859103385178408,-0.8704663197166367
776928,2017-08-30,2017-08-30,936,115586,35-39,M,10,11,15,9750.0,2,1.5,1.0,1.0,0.00020512820512820512,-0.3333333333333333
776935,2017-08-30,2017-08-30,936,115587,45-49,M,36,41,38,1136.0,0,0.0,1.0,1.0,0.0,0.0
777105,2017-08-30,2017-08-30,936,115615,45-49,M,63,67,67,4333.0,1,0.180000007,1.0,1.0,0.00023078698361412417,4.555555339506181
777130,2017-08-30,2017-08-30,936,115619,35-39,M,16,21,22,6260.0,0,0.0,1.0,0.0,0.0,0.0
777131,2017-08-22,2017-08-22,936,115619,35-39,M,16,19,21,6359.0,0,0.0,1.0,0.0,0.0,0.0
777166,2017-08-30,2017-08-30,936,115625,30-34,M,63,69,65,2383.0,0,0.0,1.0,1.0,0.0,0.0
777187,2017-08-30,2017-08-30,936,115629,40-44,M,27,31,28,11292.0,3,5.389999866,1.0,1.0,0.00026567481402763017,-0.8144712384302683
777198,2017-08-30,2017-08-30,936,115631,30-34,M,64,70,69,12729.0,4,5.779999852,1.0,0.0,0.000314243067012334,-0.826989614947139
777200,2017-08-23,2017-08-23,936,115631,30-34,M,64,69,70,1898.0,0,0.0,1.0,1.0,0.0,0.0
777201,2017-08-23,2017-08-23,936,115631,30-34,M,64,69,65,1882.0,0,0.0,1.0,1.0,0.0,0.0
777235,2017-08-24,2017-08-24,936,115637,30-34,M,65,66,67,2883.0,1,0.99000001,1.0,1.0,0.000346860908775581,0.010100999897969656
777248,2017-08-24,2017-08-24,936,115639,30-34,F,7,9,10,3989.0,1,1.279999971,1.0,0.0,0.000250689395838556,-0.21874998229980433
777261,2017-08-24,2017-08-24,936,115641,40-44,M,29,31,34,19603.0,4,5.279999971,1.0,1.0,0.00020405040044891087,-0.8106060595658288
777382,2017-08-25,2017-08-25,936,115675,40-44,M,24,26,27,3047.0,1,1.379999995,1.0,0.0,0.0003281916639317361,-0.27536231621508084
777398,2017-08-25,2017-08-25,936,115677,35-39,M,24,27,30,3029.0,1,1.049999952,1.0,1.0,0.0003301419610432486,-0.04761900408163072
777410,2017-08-25,2017-08-25,936,115679,45-49,M,26,29,28,3490.0,1,1.340000033,1.0,1.0,0.00028653295128939826,-0.25373136166183957
777482,2017-08-25,2017-08-25,936,115691,45-49,M,28,32,32,2479.0,0,0.0,1.0,0.0,0.0,0.0
777495,2017-08-25,2017-08-25,936,115693,40-44,M,19,25,25,19581.0,7,10.42999983,2.0,0.0,0.000357489402992697,-0.8082454427039046
777519,2017-08-24,2017-08-24,936,115697,45-49,M,29,34,32,19537.0,5,6.099999905,1.0,0.0,0.00025592465578133796,-0.8360655712174146
777625,2017-08-24,2017-08-24,936,115715,45-49,M,16,17,19,59433.0,12,19.65999949,3.0,0.0,0.00020190803089192874,-0.847405896346745
777627,2017-08-23,2017-08-23,936,115715,45-49,M,16,17,19,157534.0,33,56.19000077,2.0,0.0,0.00020947858874909543,-0.9644064785087562
777638,2017-08-23,2017-08-23,936,115717,40-44,M,7,10,12,1781.0,0,0.0,1.0,1.0,0.0,0.0
777670,2017-08-23,2017-08-23,936,115723,40-44,M,16,19,19,23769.0,4,6.029999852,1.0,0.0,0.00016828642349278473,-0.8341625166593786
777673,2017-08-23,2017-08-23,936,115723,40-44,M,16,18,17,7101.0,0,0.0,1.0,0.0,0.0,0.0
777742,2017-08-23,2017-08-23,936,115735,35-39,M,64,69,68,4726.0,1,1.830000043,1.0,1.0,0.00021159542953872197,-0.45355192540834277
777758,2017-08-24,2017-08-24,936,115737,30-34,M,19,20,20,5209.0,1,0.959999979,2.0,0.0,0.0001919754271453254,1.083333378906251
777794,2017-08-24,2017-08-24,936,115743,30-34,M,18,23,24,13473.0,3,2.619999945,3.0,0.0,0.00022266755733689602,0.14503819197599258
777816,2017-08-23,2017-08-23,936,115747,40-44,M,2,7,7,500.0,0,0.0,1.0,1.0,0.0,0.0
777871,2017-08-23,2017-08-23,936,115756,30-34,M,20,26,23,4616.0,1,1.360000014,1.0,0.0,0.0002166377816291161,-0.2647058899221452
777904,2017-08-30,2017-08-30,936,115762,30-34,M,31,32,33,3279.0,0,0.0,1.0,0.0,0.0,0.0
777905,2017-08-30,2017-08-30,936,115762,30-34,M,31,36,36,3288.0,0,0.0,1.0,0.0,0.0,0.0
778037,2017-08-28,2017-08-28,936,115784,35-39,M,27,29,28,14615.0,4,6.050000191,1.0,0.0,0.00027369141293191924,-0.8347107490198755
778048,2017-08-28,2017-08-28,936,115786,30-34,M,27,28,29,56615.0,12,19.88000035,2.0,0.0,0.00021195796167093527,-0.8993963800408082
778085,2017-08-28,2017-08-28,936,115792,30-34,M,26,32,31,11735.0,3,4.529999971,1.0,1.0,0.00025564550489987217,-0.779249446710427
778087,2017-08-28,2017-08-28,936,115792,30-34,M,26,30,32,15910.0,5,6.779999852,1.0,0.0,0.00031426775612822125,-0.8525073714116653
778112,2017-08-28,2017-08-28,936,115796,35-39,M,29,33,35,11446.0,2,3.090000033,1.0,1.0,0.00017473353136466887,-0.6763754079869293
778113,2017-08-28,2017-08-28,936,115796,35-39,M,29,35,35,4595.0,0,0.0,1.0,0.0,0.0,0.0
778124,2017-08-28,2017-08-28,936,115798,30-34,M,29,34,32,4871.0,0,0.0,1.0,0.0,0.0,0.0
778148,2017-08-28,2017-08-28,936,115802,35-39,M,28,32,30,3199.0,0,0.0,1.0,0.0,0.0,0.0
778156,2017-08-28,2017-08-28,936,115804,30-34,M,28,32,31,9388.0,2,3.140000105,1.0,0.0,0.00021303792074989347,-0.6815286730699011
778161,2017-08-27,2017-08-27,936,115804,30-34,M,28,31,33,17954.0,6,7.5400002,2.0,1.0,0.0003341873677175003,-0.7347480176459412
778208,2017-08-27,2017-08-27,936,115812,40-44,F,29,32,32,2755.0,0,0.0,1.0,0.0,0.0,0.0
778264,2017-08-27,2017-08-27,936,115822,40-44,F,27,31,30,8152.0,1,0.99000001,1.0,0.0,0.0001226692836113837,0.010100999897969656
778266,2017-08-27,2017-08-27,936,115822,40-44,F,27,32,28,74542.0,19,34.1500001,1.0,0.0,0.00025488986074964447,-0.9707174232189827
778421,2017-08-27,2017-08-27,936,115848,40-44,F,20,21,23,6699.0,2,3.090000033,1.0,0.0,0.0002985520226899537,-0.6763754079869293
778422,2017-08-27,2017-08-27,936,115848,40-44,F,20,25,24,11911.0,4,3.959999919,1.0,0.0,0.00033582402820921836,-0.7474747423094581
778461,2017-08-27,2017-08-27,936,115854,40-44,M,29,35,33,10090.0,2,2.650000095,1.0,1.0,0.00019821605550049553,-0.6226415229619077
778471,2017-08-27,2017-08-27,936,115856,30-34,M,32,35,36,1273.0,0,0.0,1.0,1.0,0.0,0.0
778483,2017-08-27,2017-08-27,936,115858,40-44,F,18,24,20,24188.0,5,8.179999828,1.0,0.0,0.00020671407309409625,-0.8777506086764186
778529,2017-08-27,2017-08-27,936,115866,30-34,M,31,35,33,2214.0,0,0.0,1.0,0.0,0.0,0.0
778556,2017-08-28,2017-08-28,936,115870,40-44,M,32,35,38,9735.0,4,4.130000114,1.0,1.0,0.00041088854648176684,-0.7578692560781852
778590,2017-08-28,2017-08-28,936,115876,30-34,M,30,36,36,1371.0,0,0.0,1.0,1.0,0.0,0.0
778600,2017-08-29,2017-08-29,936,115878,40-44,F,22,23,25,10750.0,4,5.389999866,1.0,0.0,0.00037209302325581393,-0.8144712384302683
778626,2017-08-29,2017-08-29,936,115882,30-34,M,29,33,35,7629.0,1,0.720000029,1.0,1.0,0.00013107877834578582,0.388888832947533
778628,2017-08-29,2017-08-29,936,115882,30-34,M,29,35,30,4608.0,0,0.0,1.0,0.0,0.0,0.0
778674,2017-08-29,2017-08-29,936,115890,35-39,M,29,31,30,3732.0,0,0.0,1.0,0.0,0.0,0.0
778689,2017-08-30,2017-08-30,936,115892,30-34,M,28,32,32,7453.0,1,1.679999948,1.0,1.0,0.0001341741580571582,-0.4047618863378679
778722,2017-08-30,2017-08-30,936,115898,35-39,F,64,70,67,41785.0,14,19.10000038,1.0,0.0,0.0003350484623668781,-0.9476439800992297
778737,2017-08-30,2017-08-30,936,115900,35-39,M,27,32,30,8077.0,2,3.579999924,1.0,1.0,0.0002476166893648632,-0.7206703851315501
778756,2017-08-30,2017-08-30,936,115904,35-39,F,63,65,65,5602.0,1,1.580000043,1.0,0.0,0.0001785076758300607,-0.36708862481974
778804,2017-08-30,2017-08-30,936,115912,30-34,M,26,29,29,6184.0,2,2.75,1.0,1.0,0.0003234152652005175,-0.6363636363636364
778808,2017-08-29,2017-08-29,936,115912,30-34,M,26,28,29,1738.0,0,0.0,1.0,0.0,0.0,0.0
778964,2017-08-29,2017-08-29,936,115938,35-39,F,27,33,28,112460.0,25,41.29000068,1.0,0.0,0.00022230126267117198,-0.9757810611883961
779057,2017-08-29,2017-08-29,936,115954,40-44,M,15,21,21,4414.0,0,0.0,1.0,0.0,0.0,0.0
779106,2017-08-28,2017-08-28,936,115962,35-39,F,30,35,36,14670.0,7,9.410000324,1.0,0.0,0.00047716428084526244,-0.8937300780479761
779438,2017-08-28,2017-08-28,936,116031,30-34,F,64,66,69,33144.0,9,13.40999985,1.0,0.0,0.0002715423606082549,-0.9254287836550572
779453,2017-08-29,2017-08-29,936,116033,45-49,M,64,68,70,4397.0,1,0.949999988,1.0,0.0,0.00022742779167614282,0.052631592243767525
779488,2017-08-29,2017-08-29,936,116039,45-49,M,65,68,69,1006.0,0,0.0,1.0,0.0,0.0,0.0
779573,2017-08-29,2017-08-29,936,116053,35-39,F,10,13,16,89527.0,24,32.28999996,1.0,0.0,0.0002680755526265819,-0.9690306596085855
779608,2017-08-29,2017-08-29,936,116059,35-39,F,15,18,16,2459.0,0,0.0,1.0,0.0,0.0,0.0
779609,2017-08-29,2017-08-29,936,116059,35-39,F,15,20,18,7116.0,2,1.730000019,1.0,1.0,0.0002810567734682406,-0.42196532426743283
779622,2017-08-29,2017-08-29,936,116061,30-34,F,15,18,17,8613.0,1,0.889999986,2.0,0.0,0.00011610356437942645,1.247191046585028
779631,2017-08-19,2017-08-19,936,116063,35-39,F,16,19,18,9730.0,1,1.379999995,1.0,0.0,0.00010277492291880781,-0.27536231621508084
779644,2017-08-19,2017-08-19,936,116065,30-34,F,16,20,20,51816.0,8,10.2299999,2.0,1.0,0.0001543924656476764,-0.8044965767790476
779645,2017-08-22,2017-08-22,936,116065,30-34,F,16,21,20,27289.0,3,4.429999828,1.0,0.0,0.00010993440580453663,-0.7742663569241114
779715,2017-08-22,2017-08-22,936,116077,30-34,F,29,32,33,20409.0,4,3.829999924,1.0,0.0,0.0001959919643294625,-0.7389033890748453
779716,2017-08-22,2017-08-22,936,116077,30-34,F,29,32,34,8044.0,1,1.110000014,1.0,0.0,0.00012431626056688214,-0.09909911046181295
779738,2017-08-22,2017-08-22,936,116081,30-34,F,28,32,33,15645.0,4,5.349999905,1.0,0.0,0.0002556727388942154,-0.8130841088304654
779778,2017-08-22,2017-08-22,936,116087,30-34,F,31,37,34,2466.0,0,0.0,2.0,2.0,0.0,0.0
779789,2017-08-22,2017-08-22,936,116089,45-49,M,10,14,13,11611.0,3,3.950000048,1.0,1.0,0.00025837567823615537,-0.7468354461144047
779824,2017-08-22,2017-08-22,936,116095,45-49,M,7,13,9,9375.0,3,4.019999981,1.0,0.0,0.00032,-0.7512437799188139
779871,2017-08-22,2017-08-22,936,116103,30-34,F,32,37,34,4402.0,1,1.330000043,1.0,1.0,0.00022716946842344388,-0.2481203250607715
779918,2017-08-22,2017-08-22,936,116111,30-34,F,18,23,24,8469.0,2,3.089999914,1.0,0.0,0.0002361553902467824,-0.6763753955237165
779922,2017-08-22,2017-08-22,936,116111,30-34,F,18,22,24,5823.0,1,1.419999957,1.0,1.0,0.0001717327837884252,-0.29577462656218934
779944,2017-08-21,2017-08-21,936,116115,35-39,M,10,13,16,2549.0,0,0.0,1.0,0.0,0.0,0.0
779979,2017-08-21,2017-08-21,936,116121,35-39,M,16,17,21,25817.0,4,6.019999981,1.0,0.0,0.00015493666963628617,-0.833887042665092
779995,2017-08-21,2017-08-21,936,116123,30-34,F,20,24,25,1961.0,0,0.0,1.0,0.0,0.0,0.0
780064,2017-08-21,2017-08-21,936,116135,30-34,F,22,24,25,2554.0,0,0.0,1.0,0.0,0.0,0.0
780104,2017-08-21,2017-08-21,936,116147,30-34,F,25,27,26,4971.0,1,1.230000019,1.0,1.0,0.0002011667672500503,-0.18699188247736118
780199,2017-08-22,2017-08-22,936,116163,35-39,F,23,28,27,1030.0,0,0.0,1.0,1.0,0.0,0.0
780318,2017-08-22,2017-08-22,936,116183,45-49,F,29,32,31,162341.0,56,77.07999969,3.0,0.0,0.00034495290776821627,-0.9610793978714921
780323,2017-08-21,2017-08-21,936,116183,45-49,F,29,35,34,24542.0,7,9.329999924,1.0,0.0,0.0002852253280091272,-0.8928188630068846
780486,2017-08-21,2017-08-21,936,116216,30-34,F,65,69,71,2879.0,0,0.0,1.0,1.0,0.0,0.0
780498,2017-08-22,2017-08-22,936,116218,30-34,F,64,65,68,13621.0,3,4.090000033,1.0,0.0,0.0002202481462447691,-0.755501224466616
780511,2017-08-23,2017-08-23,936,116220,30-34,F,63,65,66,6175.0,1,1.370000005,2.0,1.0,0.00016194331983805668,0.4598540092706057
780629,2017-08-24,2017-08-24,936,116240,30-34,F,28,34,34,2963.0,0,0.0,1.0,0.0,0.0,0.0
780653,2017-08-24,2017-08-24,936,116244,30-34,F,29,33,35,9076.0,1,1.379999995,1.0,1.0,0.00011018069634200089,-0.27536231621508084
780655,2017-08-24,2017-08-24,936,116244,30-34,F,29,33,34,20941.0,4,5.909999967,1.0,1.0,0.00019101284561386754,-0.8307952613225454
780666,2017-08-24,2017-08-24,936,116246,45-49,F,10,13,13,3462.0,0,0.0,1.0,0.0,0.0,0.0
780681,2017-08-24,2017-08-24,936,116248,30-34,F,26,29,29,4073.0,0,0.0,1.0,1.0,0.0,0.0
780700,2017-08-18,2017-08-18,936,116252,30-34,F,27,33,30,3745.0,0,0.0,1.0,0.0,0.0,0.0
780748,2017-08-18,2017-08-18,936,116265,30-34,F,24,26,28,830.0,0,0.0,1.0,0.0,0.0,0.0
780759,2017-08-18,2017-08-18,936,116267,45-49,F,18,24,22,2912.0,0,0.0,1.0,0.0,0.0,0.0
780760,2017-08-24,2017-08-24,936,116267,45-49,F,18,23,22,17167.0,5,6.910000086,1.0,0.0,0.00029125648045669016,-0.8552822015116832
780797,2017-08-24,2017-08-24,936,116273,30-34,F,22,25,25,24491.0,7,9.539999962,1.0,0.0,0.00028581928055203954,-0.8951781966474603
780799,2017-08-23,2017-08-23,936,116273,30-34,F,22,24,26,44699.0,13,17.30000037,2.0,0.0,0.00029083424685115997,-0.8843930660563333
780821,2017-08-23,2017-08-23,936,116277,30-34,F,23,24,25,6469.0,2,1.309999943,1.0,0.0,0.0003091667954861648,-0.23664118815919674
780830,2017-08-23,2017-08-23,936,116279,45-49,F,16,17,17,16053.0,3,4.079999924,1.0,1.0,0.00018688095683049897,-0.7549019562187619
780835,2017-08-23,2017-08-23,936,116279,45-49,F,16,21,21,54724.0,12,17.92999995,1.0,1.0,0.0002192822162122652,-0.9442275514339865
780867,2017-08-23,2017-08-23,936,116285,30-34,F,21,27,26,4706.0,1,1.220000029,1.0,0.0,0.00021249468763280918,-0.18032788833646818
780974,2017-08-23,2017-08-23,936,116303,40-44,F,32,38,36,8316.0,3,4.569999933,1.0,1.0,0.00036075036075036075,-0.7811816160479581
781066,2017-08-23,2017-08-23,936,116323,40-44,F,22,26,25,5794.0,2,2.269999981,1.0,0.0,0.00034518467380048324,-0.5594713619515224
781114,2017-08-23,2017-08-23,936,116331,40-44,F,18,24,22,4813.0,1,1.029999971,1.0,0.0,0.00020777062123415748,-0.02912618625695094
781159,2017-08-23,2017-08-23,936,116339,40-44,F,10,15,11,85285.0,26,36.13000035,1.0,0.0,0.00030486017470833087,-0.9723221702099983
781162,2017-08-21,2017-08-21,936,116339,40-44,F,10,11,13,5839.0,1,1.370000005,1.0,0.0,0.00017126220243192326,-0.27007299536469714
781175,2017-08-21,2017-08-21,936,116341,40-44,F,15,16,21,5859.0,1,1.539999962,1.0,0.0,0.00017067759003242875,-0.3506493346264122
781187,2017-08-18,2017-08-18,936,116343,40-44,F,16,22,19,164118.0,41,59.06999993,1.0,0.0,0.00024982025128261374,-0.9830709327715417
781195,2017-08-18,2017-08-18,936,116345,35-39,F,63,67,69,18234.0,6,7.810000062,1.0,0.0,0.0003290556103981573,-0.8719590279050627
781207,2017-08-18,2017-08-18,936,116347,35-39,F,64,67,70,2755.0,0,0.0,1.0,0.0,0.0,0.0
781303,2017-08-19,2017-08-19,936,116363,35-39,F,27,29,30,73676.0,20,28.5,1.0,0.0,0.00027145881969705196,-0.9649122807017544
781305,2017-08-19,2017-08-19,936,116363,35-39,F,27,30,28,18421.0,7,10.07999992,1.0,0.0,0.00038000108571738776,-0.9007936500062989
781327,2017-08-19,2017-08-19,936,116367,35-39,F,29,35,35,164754.0,49,67.97999978,2.0,1.0,0.0002974131128834505,-0.970579582134856
781353,2017-08-19,2017-08-19,936,116371,35-39,F,10,13,15,7449.0,1,1.639999986,1.0,1.0,0.00013424620754463686,-0.3902438972337894
781354,2017-08-19,2017-08-19,936,116371,35-39,F,10,14,16,6424.0,1,0.529999971,1.0,0.0,0.00015566625155666251,0.8867925560697815
781438,2017-08-18,2017-08-18,936,116385,30-34,M,63,65,68,2086.0,0,0.0,1.0,0.0,0.0,0.0
781470,2017-08-18,2017-08-18,936,116391,35-39,M,16,17,18,6016.0,0,0.0,1.0,0.0,0.0,0.0
781499,2017-08-18,2017-08-18,936,116395,35-39,M,15,21,20,6412.0,1,1.370000005,1.0,0.0,0.00015595757953836556,-0.27007299536469714
781508,2017-08-24,2017-08-24,936,116397,30-34,F,63,68,64,5040.0,1,1.440000057,1.0,0.0,0.0001984126984126984,-0.3055555830439804
781556,2017-08-24,2017-08-24,936,116405,30-34,F,32,37,36,1772.0,0,0.0,1.0,0.0,0.0,0.0
781559,2017-08-18,2017-08-18,936,116405,30-34,F,32,38,34,1783.0,0,0.0,1.0,0.0,0.0,0.0
781606,2017-08-18,2017-08-18,936,116413,35-39,M,20,21,24,8200.0,3,3.919999957,1.0,0.0,0.00036585365853658537,-0.7448979563853603
781690,2017-08-18,2017-08-18,936,116427,45-49,F,26,28,30,115896.0,38,49.44000006,1.0,0.0,0.00032788016842686546,-0.9797734628077183
781811,2017-08-18,2017-08-18,936,116447,35-39,F,16,17,22,10186.0,1,1.230000019,1.0,1.0,9.817396426467701e-05,-0.18699188247736118
781857,2017-08-18,2017-08-18,936,116455,30-34,M,20,21,24,9134.0,3,4.180000067,2.0,0.0,0.00032844317932997593,-0.5215311081477071
781858,2017-08-18,2017-08-18,936,116455,30-34,M,20,25,22,3385.0,1,1.440000057,1.0,1.0,0.0002954209748892171,-0.3055555830439804
781907,2017-08-19,2017-08-19,936,116463,45-49,F,21,27,23,1314.0,0,0.0,1.0,0.0,0.0,0.0
781928,2017-08-19,2017-08-19,936,116467,30-34,M,18,21,22,2916.0,0,0.0,1.0,1.0,0.0,0.0
781929,2017-08-20,2017-08-20,936,116467,30-34,M,18,21,21,6142.0,1,1.330000043,1.0,0.0,0.00016281341582546403,-0.2481203250607715
781950,2017-08-20,2017-08-20,936,116471,30-34,F,20,26,21,1984.0,0,0.0,1.0,0.0,0.0,0.0
781999,2017-08-20,2017-08-20,936,116479,30-34,M,24,30,29,9142.0,3,3.749999881,1.0,0.0,0.00032815576460293154,-0.7333333248711108
782001,2017-08-20,2017-08-20,936,116479,30-34,M,24,30,28,5475.0,2,2.730000019,1.0,1.0,0.00036529680365296805,-0.633699636248977
782022,2017-08-20,2017-08-20,936,116483,30-34,F,18,24,20,8254.0,2,2.320000052,1.0,1.0,0.000242306760358614,-0.5689655269024968
782026,2017-08-21,2017-08-21,936,116483,30-34,F,18,24,20,5704.0,1,1.320000052,1.0,0.0,0.0001753155680224404,-0.24242427226813468
782130,2017-08-21,2017-08-21,936,116501,30-34,F,16,18,21,7301.0,0,0.0,1.0,0.0,0.0,0.0
782134,2017-08-21,2017-08-21,936,116501,30-34,F,16,19,21,37873.0,5,6.169999957,1.0,1.0,0.00013202017268238586,-0.8379254445754933
782135,2017-08-20,2017-08-20,936,116501,30-34,F,16,20,17,25267.0,4,4.940000057,2.0,1.0,0.0001583092571338109,-0.5951417050763002
782171,2017-08-20,2017-08-20,936,116507,30-34,F,30,31,32,535.0,0,0.0,1.0,0.0,0.0,0.0
782180,2017-08-19,2017-08-19,936,116509,30-34,M,29,34,30,3396.0,0,0.0,1.0,0.0,0.0,0.0
782219,2017-08-19,2017-08-19,936,116515,30-34,M,26,27,32,977.0,0,0.0,1.0,0.0,0.0,0.0
782228,2017-08-19,2017-08-19,936,116517,40-44,F,63,64,66,12318.0,5,6.340000153,1.0,1.0,0.00040591005033284623,-0.842271297181781
782242,2017-08-19,2017-08-19,936,116519,30-34,F,28,34,31,4783.0,1,0.860000014,1.0,0.0,0.0002090738030524775,0.16279067874526798
782275,2017-08-19,2017-08-19,936,116525,30-34,F,29,31,30,6475.0,1,1.350000024,1.0,0.0,0.00015444015444015445,-0.25925927242798336
782337,2017-08-20,2017-08-20,936,116535,45-49,F,16,18,19,104578.0,29,39.25000095,1.0,1.0,0.00027730497810246895,-0.9745222936102884
782407,2017-08-20,2017-08-20,936,116547,45-49,F,10,12,11,33664.0,11,12.51000035,1.0,0.0,0.0003267585551330798,-0.9200639510773475
782443,2017-08-20,2017-08-20,936,116553,40-44,F,20,25,24,979.0,0,0.0,1.0,0.0,0.0,0.0
782541,2017-08-20,2017-08-20,936,116569,40-44,F,28,29,30,7337.0,3,4.079999924,1.0,0.0,0.0004088864658579801,-0.7549019562187619
782587,2017-08-18,2017-08-18,936,116577,30-34,M,10,13,16,2499.0,0,0.0,1.0,0.0,0.0,0.0
782647,2017-08-18,2017-08-18,936,116587,40-44,F,27,33,30,11244.0,3,4.550000191,1.0,0.0,0.00026680896478121667,-0.7802197894457187
782658,2017-08-23,2017-08-23,936,116589,30-34,M,15,17,19,4827.0,0,0.0,1.0,0.0,0.0,0.0
782694,2017-08-23,2017-08-23,936,116595,35-39,F,29,31,35,29035.0,7,8.910000086,2.0,2.0,0.00024108834165662132,-0.7755331110330137
782706,2017-08-23,2017-08-23,936,116597,35-39,F,30,32,32,761.0,0,0.0,1.0,0.0,0.0,0.0
782754,2017-08-23,2017-08-23,936,116605,35-39,F,26,31,32,6532.0,1,1.610000014,1.0,0.0,0.00015309246785058175,-0.37888199297866587
782815,2017-08-23,2017-08-23,936,116615,40-44,F,10,16,15,11537.0,3,4.300000191,1.0,0.0,0.00026003293750541737,-0.7674418707950239
782816,2017-08-23,2017-08-23,936,116615,40-44,F,10,13,11,12183.0,3,2.869999945,1.0,0.0,0.0002462447672986949,-0.6515679375736015
782862,2017-08-23,2017-08-23,936,116623,35-39,F,64,70,67,5912.0,1,1.559999943,1.0,1.0,0.00016914749661705008,-0.3589743355522674
950068,2017-08-23,2017-08-23,936,123438,30-34,M,10,12,13,4012.0,1,1.570000052,1.0,0.0,0.0002492522432701894,-0.3630573459369541
950078,2017-08-22,2017-08-22,936,123440,30-34,M,16,22,17,12396.0,2,3.210000038,2.0,1.0,0.00016134236850596966,-0.3769470478741471
950079,2017-08-22,2017-08-22,936,123440,30-34,M,16,20,22,3142.0,0,0.0,2.0,2.0,0.0,0.0
950099,2017-08-22,2017-08-22,936,123443,30-34,M,18,23,23,1120.0,0,0.0,1.0,0.0,0.0,0.0
950109,2017-08-22,2017-08-22,936,123445,30-34,M,20,24,22,343.0,0,0.0,1.0,1.0,0.0,0.0
950170,2017-08-22,2017-08-22,936,123455,30-34,M,15,19,16,1720.0,0,0.0,1.0,1.0,0.0,0.0
950179,2017-08-22,2017-08-22,936,123457,30-34,M,16,22,19,3423.0,0,0.0,1.0,1.0,0.0,0.0
950182,2017-08-22,2017-08-22,936,123457,30-34,M,16,20,19,3242.0,0,0.0,1.0,0.0,0.0,0.0
950183,2017-08-22,2017-08-22,936,123457,30-34,M,16,22,19,15720.0,1,1.379999995,1.0,0.0,6.361323155216285e-05,-0.27536231621508084
950200,2017-08-22,2017-08-22,936,123460,30-34,M,10,13,15,1217.0,0,0.0,1.0,1.0,0.0,0.0
950224,2017-08-22,2017-08-22,936,123464,40-44,M,20,21,23,2367.0,2,2.839999914,1.0,1.0,0.0008449514152936206,-0.6478873132810947
950326,2017-08-22,2017-08-22,936,123481,35-39,M,16,19,22,6607.0,1,1.320000052,2.0,0.0,0.00015135462388375965,0.5151514554637306
950345,2017-08-23,2017-08-23,936,123484,30-34,M,64,66,65,616.0,0,0.0,1.0,0.0,0.0,0.0
950452,2017-08-23,2017-08-23,936,123502,45-49,M,16,22,22,5537.0,1,1.519999981,1.0,0.0,0.00018060321473722233,-0.3421052549342104
950463,2017-08-19,2017-08-19,936,123504,45-49,M,15,19,18,818.0,0,0.0,1.0,0.0,0.0,0.0
950495,2017-08-19,2017-08-19,936,123509,45-49,M,21,25,25,1909.0,1,0.980000019,1.0,0.0,0.0005238344683080147,0.020408143481882933
950521,2017-08-18,2017-08-18,936,123514,30-34,M,21,27,25,351.0,0,0.0,1.0,0.0,0.0,0.0
950531,2017-08-19,2017-08-19,936,123515,45-49,M,22,24,26,572.0,0,0.0,1.0,0.0,0.0,0.0
950537,2017-08-19,2017-08-19,936,123516,40-44,M,36,41,40,1884.0,1,1.409999967,1.0,0.0,0.0005307855626326964,-0.29078012524520863
950550,2017-08-19,2017-08-19,936,123519,30-34,M,30,35,36,219.0,0,0.0,1.0,0.0,0.0,0.0
950577,2017-08-19,2017-08-19,936,123523,30-34,M,32,38,34,540.0,0,0.0,1.0,1.0,0.0,0.0
950578,2017-08-19,2017-08-19,936,123523,30-34,M,32,37,37,550.0,0,0.0,1.0,0.0,0.0,0.0
950595,2017-08-18,2017-08-18,936,123526,30-34,M,26,30,31,465.0,0,0.0,1.0,0.0,0.0,0.0
950609,2017-08-18,2017-08-18,936,123528,30-34,M,29,31,35,1761.0,0,0.0,1.0,1.0,0.0,0.0
950629,2017-08-23,2017-08-23,936,123532,30-34,M,65,67,68,152.0,0,0.0,1.0,1.0,0.0,0.0
950631,2017-08-23,2017-08-23,936,123532,30-34,M,65,70,70,152.0,0,0.0,1.0,1.0,0.0,0.0
950649,2017-08-23,2017-08-23,936,123535,30-34,M,64,67,70,429.0,0,0.0,1.0,0.0,0.0,0.0
950745,2017-08-18,2017-08-18,936,123551,30-34,M,29,32,31,1514.0,0,0.0,2.0,2.0,0.0,0.0
950770,2017-08-18,2017-08-18,936,123555,30-34,M,28,31,30,7780.0,3,4.329999924,2.0,2.0,0.00038560411311053987,-0.5381062274586774
950772,2017-08-18,2017-08-18,936,123556,35-39,M,28,30,33,460.0,0,0.0,1.0,0.0,0.0,0.0
950773,2017-08-18,2017-08-18,936,123556,35-39,M,28,29,32,471.0,0,0.0,1.0,0.0,0.0,0.0
950776,2017-08-18,2017-08-18,936,123556,35-39,M,28,29,32,2633.0,1,1.070000052,1.0,0.0,0.00037979491074819596,-0.06542060616647515
950787,2017-08-18,2017-08-18,936,123558,30-34,M,27,32,30,199.0,0,0.0,1.0,0.0,0.0,0.0
950808,2017-08-22,2017-08-22,936,123562,35-39,M,32,33,38,398.0,0,0.0,1.0,0.0,0.0,0.0
950839,2017-08-22,2017-08-22,936,123567,30-34,M,24,29,25,246.0,0,0.0,2.0,2.0,0.0,0.0
950878,2017-08-19,2017-08-19,936,123573,40-44,M,10,11,15,2967.0,1,1.5,1.0,1.0,0.0003370407819346141,-0.3333333333333333
950969,2017-08-19,2017-08-19,936,123588,45-49,M,36,38,40,255.0,0,0.0,1.0,0.0,0.0,0.0
951021,2017-08-19,2017-08-19,936,123597,30-34,F,7,13,9,457.0,0,0.0,1.0,1.0,0.0,0.0
951033,2017-08-19,2017-08-19,936,123599,30-34,F,10,13,13,5517.0,1,1.230000019,1.0,0.0,0.00018125793003443902,-0.18699188247736118
951035,2017-08-19,2017-08-19,936,123599,30-34,F,10,15,12,1539.0,0,0.0,1.0,1.0,0.0,0.0
951043,2017-08-19,2017-08-19,936,123601,30-34,F,16,22,17,3189.0,0,0.0,1.0,0.0,0.0,0.0
951045,2017-08-19,2017-08-19,936,123601,30-34,F,16,20,21,3348.0,0,0.0,1.0,0.0,0.0,0.0
951046,2017-08-19,2017-08-19,936,123601,30-34,F,16,18,17,20050.0,4,4.659999847,4.0,1.0,0.00019950124688279303,-0.14163087310504796
951102,2017-08-19,2017-08-19,936,123611,45-49,M,16,18,19,2254.0,0,0.0,1.0,0.0,0.0,0.0
951105,2017-08-19,2017-08-19,936,123611,45-49,M,16,20,21,5894.0,1,1.539999962,1.0,1.0,0.00016966406515100103,-0.3506493346264122
951133,2017-08-18,2017-08-18,936,123616,35-39,M,16,21,19,9948.0,2,2.720000029,2.0,0.0,0.0002010454362685967,-0.2647058901924739
951202,2017-08-18,2017-08-18,936,123627,45-49,F,26,29,28,5307.0,3,4.289999962,2.0,1.0,0.0005652911249293386,-0.5337995296700191
951225,2017-08-18,2017-08-18,936,123631,35-39,F,22,28,28,4621.0,2,3.25,1.0,1.0,0.00043280675178532783,-0.6923076923076923
951270,2017-08-18,2017-08-18,936,123639,35-39,F,18,21,19,784.0,0,0.0,1.0,1.0,0.0,0.0
951282,2017-08-18,2017-08-18,936,123641,35-39,F,16,22,17,5775.0,1,1.580000043,1.0,1.0,0.00017316017316017316,-0.36708862481974
951285,2017-08-19,2017-08-19,936,123641,35-39,F,16,20,20,9297.0,2,2.619999886,2.0,1.0,0.00021512315800795956,-0.23664118815919674
951294,2017-08-19,2017-08-19,936,123643,35-39,F,15,16,17,699.0,0,0.0,1.0,0.0,0.0,0.0
951305,2017-08-19,2017-08-19,936,123644,35-39,F,10,12,13,1104.0,0,0.0,1.0,0.0,0.0,0.0
951334,2017-08-18,2017-08-18,936,123649,30-34,F,64,70,69,3717.0,1,1.539999962,1.0,0.0,0.0002690341673392521,-0.3506493346264122
951391,2017-08-19,2017-08-19,936,123659,30-34,F,28,29,33,2879.0,1,1.590000033,2.0,2.0,0.0003473428273706148,0.25786160911356415
951392,2017-08-20,2017-08-20,936,123659,30-34,F,28,31,32,2749.0,1,1.389999986,1.0,0.0,0.0003637686431429611,-0.28057553232234356
951400,2017-08-21,2017-08-21,936,123660,45-49,F,10,12,15,24028.0,9,12.39000034,2.0,0.0,0.0003745630098218745,-0.8385795040260668
951402,2017-08-21,2017-08-21,936,123661,30-34,F,29,32,31,1118.0,0,0.0,1.0,1.0,0.0,0.0
951413,2017-08-21,2017-08-21,936,123662,30-34,F,26,29,27,1083.0,0,0.0,2.0,1.0,0.0,0.0
951420,2017-08-21,2017-08-21,936,123664,30-34,F,27,33,32,843.0,0,0.0,1.0,0.0,0.0,0.0
951444,2017-08-21,2017-08-21,936,123668,30-34,F,25,28,26,2983.0,1,0.970000029,1.0,0.0,0.00033523298692591353,0.030927804229993437
951448,2017-08-22,2017-08-22,936,123668,30-34,F,25,30,28,696.0,0,0.0,1.0,0.0,0.0,0.0
951462,2017-08-21,2017-08-21,936,123671,45-49,F,16,20,19,7589.0,2,3.150000095,1.0,1.0,0.0002635393332454869,-0.6825396921138823
951464,2017-08-21,2017-08-21,936,123671,45-49,F,16,17,21,20997.0,10,11.94999981,1.0,0.0,0.000476258513120922,-0.9163179903012902
951465,2017-08-21,2017-08-21,936,123671,45-49,F,16,18,17,4617.0,1,1.360000014,1.0,0.0,0.00021659085986571366,-0.2647058899221452
951498,2017-08-21,2017-08-21,936,123677,45-49,F,20,22,21,259.0,0,0.0,1.0,0.0,0.0,0.0
951508,2017-08-21,2017-08-21,936,123678,30-34,F,18,21,22,1134.0,0,0.0,1.0,0.0,0.0,0.0
951542,2017-08-20,2017-08-20,936,123684,40-44,F,27,32,28,357.0,0,0.0,1.0,0.0,0.0,0.0
951607,2017-08-20,2017-08-20,936,123695,40-44,F,10,15,15,848.0,0,0.0,1.0,1.0,0.0,0.0
951608,2017-08-20,2017-08-20,936,123695,40-44,F,10,15,13,3149.0,1,1.480000019,1.0,0.0,0.00031756113051762465,-0.32432433299853897
951641,2017-08-20,2017-08-20,936,123700,40-44,F,2,4,7,87.0,0,0.0,1.0,1.0,0.0,0.0
951677,2017-08-20,2017-08-20,936,123706,35-39,F,27,28,31,2563.0,1,1.480000019,1.0,0.0,0.0003901677721420211,-0.32432433299853897
951692,2017-08-21,2017-08-21,936,123709,35-39,F,10,15,14,1107.0,0,0.0,1.0,0.0,0.0,0.0
951715,2017-08-20,2017-08-20,936,123713,45-49,F,64,65,65,10677.0,5,7.269999981,1.0,0.0,0.00046829633792263745,-0.8624484177973205
951756,2017-08-20,2017-08-20,936,123720,35-39,F,22,25,26,2189.0,1,0.409999996,1.0,0.0,0.00045682960255824577,1.4390244140392625
951779,2017-08-20,2017-08-20,936,123723,45-49,F,27,32,29,3277.0,2,2.680000067,1.0,0.0,0.0006103143118706134,-0.626865680970149
951782,2017-08-24,2017-08-24,936,123724,45-49,F,26,30,29,781.0,0,0.0,1.0,0.0,0.0,0.0
951810,2017-08-24,2017-08-24,936,123729,35-39,F,16,17,22,2226.0,0,0.0,1.0,0.0,0.0,0.0
951812,2017-08-29,2017-08-29,936,123729,35-39,F,16,18,18,16274.0,4,6.079999924,2.0,0.0,0.0002457908320019663,-0.6710526274671053
951837,2017-08-29,2017-08-29,936,123733,45-49,F,20,23,23,2077.0,1,1.50999999,1.0,1.0,0.00048146364949446316,-0.33774833998508835
951853,2017-08-29,2017-08-29,936,123736,30-34,F,20,23,25,529.0,0,0.0,0.0,0.0,0.0,0.0
951854,2017-08-25,2017-08-25,936,123736,30-34,F,20,26,25,487.0,0,0.0,1.0,0.0,0.0,0.0
951856,2017-08-25,2017-08-25,936,123736,30-34,F,20,23,21,4626.0,2,2.099999905,2.0,0.0,0.00043233895373973193,-0.047619004535145344
951941,2017-08-25,2017-08-25,936,123750,30-34,F,28,33,34,2764.0,1,1.559999943,1.0,1.0,0.000361794500723589,-0.3589743355522674
952001,2017-08-25,2017-08-25,936,123760,45-49,F,10,12,13,5447.0,2,2.960000038,1.0,0.0,0.00036717459151826694,-0.6621621664992695
952031,2017-08-25,2017-08-25,936,123765,40-44,F,16,17,17,28169.0,8,12.36999989,1.0,1.0,0.000284000142000071,-0.9191592555462827
952080,2017-08-29,2017-08-29,936,123774,40-44,F,27,30,30,415.0,0,0.0,1.0,0.0,0.0,0.0
952100,2017-08-29,2017-08-29,936,123777,35-39,F,29,31,30,810.0,0,0.0,1.0,1.0,0.0,0.0
1121091,2017-08-28,2017-08-28,1178,144531,30-34,M,10,11,15,1194718.0,141,254.049996,28.0,14.0,0.00011801948242179326,-0.8897854735648175
1121092,2017-08-28,2017-08-28,1178,144531,30-34,M,10,12,11,637648.0,67,122.4,13.0,5.0,0.0001050736456477555,-0.8937908496732027
1121094,2017-08-28,2017-08-28,1178,144531,30-34,M,10,16,15,24362.0,0,0.0,1.0,1.0,0.0,0.0
1121095,2017-08-28,2017-08-28,1178,144531,30-34,M,10,16,12,459690.0,50,86.33000112,5.0,2.0,0.00010876895299005852,-0.942082706647369
1121096,2017-08-28,2017-08-28,1178,144531,30-34,M,10,11,16,750060.0,86,161.9099991,11.0,2.0,0.0001146574940671413,-0.9320610211775364
1121097,2017-08-29,2017-08-29,1178,144532,30-34,M,15,18,18,30068.0,1,1.820000052,1.0,0.0,3.3257948649727285e-05,-0.4505494662480372
1121098,2017-08-29,2017-08-29,1178,144532,30-34,M,15,18,21,1267550.0,123,236.7699986,24.0,10.0,9.703759220543568e-05,-0.8986358063018547
1121100,2017-08-29,2017-08-29,1178,144532,30-34,M,15,20,17,3052003.0,340,639.9499981,60.0,17.0,0.00011140224960460393,-0.9062426749306369
1121101,2017-08-28,2017-08-28,1178,144532,30-34,M,15,17,21,29945.0,1,1.590000033,2.0,1.0,3.3394556687259975e-05,0.25786160911356415
1121102,2017-08-25,2017-08-25,1178,144532,30-34,M,15,18,20,357856.0,30,52.97000015,7.0,3.0,8.383260305821336e-05,-0.8678497266343693
1121104,2017-08-25,2017-08-25,1178,144533,30-34,M,16,20,20,2080666.0,202,360.1500015,40.0,21.0,9.708429896965683e-05,-0.8889351663656733
1121105,2017-08-26,2017-08-26,1178,144533,30-34,M,16,22,19,145999.0,9,16.5200001,5.0,2.0,6.164425783738245e-05,-0.6973365635754445
1121107,2017-08-26,2017-08-26,1178,144533,30-34,M,16,17,19,32616.0,1,1.539999962,2.0,0.0,3.06597988717194e-05,0.2987013307471757
1121108,2017-08-26,2017-08-26,1178,144533,30-34,M,16,20,18,984521.0,95,163.8999972,26.0,14.0,9.64936248185666e-05,-0.8413666842942448
1121110,2017-08-26,2017-08-26,1178,144534,30-34,M,18,20,22,880814.0,123,210.3600006,6.0,2.0,0.00013964355698251843,-0.9714774672804408
1121111,2017-08-26,2017-08-26,1178,144534,30-34,M,18,19,21,182452.0,20,35.73000026,4.0,1.0,0.00010961787209786684,-0.8880492591409793
1121113,2017-08-27,2017-08-27,1178,144534,30-34,M,18,24,24,894911.0,120,215.8399994,7.0,4.0,0.00013409154653367766,-0.9675685692204463
1121114,2017-08-27,2017-08-27,1178,144534,30-34,M,18,23,23,31349.0,2,3.800000072,1.0,0.0,6.379788828989761e-05,-0.7368421102493073
1121115,2017-08-26,2017-08-26,1178,144535,30-34,M,19,21,21,410310.0,55,96.80000055,3.0,0.0,0.0001340449903731325,-0.9690082646388993
1121116,2017-08-26,2017-08-26,1178,144535,30-34,M,19,20,24,572450.0,89,157.329998,7.0,4.0,0.00015547209363263168,-0.9555075313736417
1121117,2017-08-26,2017-08-26,1178,144535,30-34,M,19,24,25,98759.0,15,26.56999946,1.0,1.0,0.00015188489150355918,-0.9623635671688493
1121119,2017-08-25,2017-08-25,1178,144535,30-34,M,19,21,22,345371.0,54,93.08999991,7.0,3.0,0.00015635360235804395,-0.9248039530909051
1121121,2017-08-25,2017-08-25,1178,144536,30-34,M,20,22,25,323899.0,46,78.9200002,5.0,1.0,0.00014201958017777148,-0.9366447036577681
1121122,2017-08-25,2017-08-25,1178,144536,30-34,M,20,21,25,399199.0,58,103.1500002,3.0,0.0,0.000145290945117598,-0.9709161415978359
1121123,2017-08-25,2017-08-25,1178,144536,30-34,M,20,24,22,171202.0,22,36.53000021,3.0,1.0,0.0001285031716919195,-0.9178757190595702
1121124,2017-08-26,2017-08-26,1178,144536,30-34,M,20,26,24,128386.0,15,28.85000002,2.0,1.0,0.00011683516894365429,-0.9306759099267411
1121125,2017-08-26,2017-08-26,1178,144536,30-34,M,20,26,24,1034284.0,152,257.7099986,20.0,9.0,0.0001469615695495628,-0.9223933874950555
1121126,2017-08-26,2017-08-26,1178,144536,30-34,M,20,21,24,45923.0,5,7.220000148,2.0,0.0,0.00010887790431809768,-0.7229916954289791
1121127,2017-08-26,2017-08-26,1178,144537,30-34,M,21,23,22,40873.0,4,7.899999976,2.0,1.0,9.786411567538473e-05,-0.7468354422688672
1121128,2017-08-26,2017-08-26,1178,144537,30-34,M,21,26,22,286553.0,34,62.06000042,2.0,1.0,0.00011865169794069509,-0.9677731230025022
1121129,2017-08-28,2017-08-28,1178,144537,30-34,M,21,25,25,20618.0,1,2.099999905,2.0,1.0,4.850130953535746e-05,-0.047619004535145344
1121131,2017-08-28,2017-08-28,1178,144537,30-34,M,21,27,25,83591.0,7,14.14000046,2.0,2.0,8.374107260350995e-05,-0.858557288901248
1121132,2017-08-21,2017-08-21,1178,144537,30-34,M,21,23,27,114923.0,12,23.73000026,4.0,2.0,0.00010441774057412354,-0.8314370014254691
1121133,2017-08-21,2017-08-21,1178,144538,30-34,M,22,25,23,25002.0,1,1.710000038,1.0,0.0,3.999680025597952e-05,-0.4152046913580244
1121134,2017-08-21,2017-08-21,1178,144538,30-34,M,22,27,28,68905.0,5,9.440000057,1.0,0.0,7.256367462448299e-05,-0.8940677972498025
1121136,2017-08-21,2017-08-21,1178,144538,30-34,M,22,26,26,169588.0,16,27.79999924,1.0,0.0,9.43462980871288e-05,-0.9640287759950312
1121138,2017-08-21,2017-08-21,1178,144538,30-34,M,22,26,24,328991.0,35,67.65000057,5.0,2.0,0.00010638588897568627,-0.9260901706153526
1121141,2017-08-21,2017-08-21,1178,144539,30-34,M,23,29,27,23198.0,2,2.980000019,1.0,0.0,8.621432882145013e-05,-0.6644295323408855
1121142,2017-08-21,2017-08-21,1178,144539,30-34,M,23,24,27,26890.0,2,3.24000001,1.0,0.0,7.437709185570845e-05,-0.6913580256439568
1121143,2017-08-21,2017-08-21,1178,144539,30-34,M,23,28,27,221695.0,31,52.26000011,5.0,2.0,0.00013983175082884144,-0.9043245313915863
1121152,2017-08-20,2017-08-20,1178,144541,30-34,M,24,29,28,88443.0,7,13.0400002,1.0,1.0,7.914702124532185e-05,-0.9233128846117655
1121153,2017-08-20,2017-08-20,1178,144541,30-34,M,24,27,30,187856.0,23,38.38999975,5.0,1.0,0.00012243420492291968,-0.8697577485657577
1121164,2017-08-19,2017-08-19,1178,144545,30-34,M,25,31,30,570699.0,80,138.7699997,9.0,2.0,0.00014017897350442177,-0.9351444835378204
1121167,2017-08-19,2017-08-19,1178,144545,30-34,M,25,29,31,1063508.0,145,260.3800013,23.0,7.0,0.00013634124049842597,-0.9116675632338589
1121168,2017-08-19,2017-08-19,1178,144545,30-34,M,25,27,28,50523.0,6,8.549999952,1.0,0.0,0.00011875779348019714,-0.8830409350159023
1121172,2017-08-20,2017-08-20,1178,144547,30-34,M,26,30,28,87935.0,9,15.63000023,1.0,0.0,0.00010234832546767499,-0.9360204743899738
1121173,2017-08-20,2017-08-20,1178,144547,30-34,M,26,31,32,278225.0,33,60.19999957,3.0,0.0,0.00011860903944649115,-0.9501661126008543
1121175,2017-08-20,2017-08-20,1178,144547,30-34,M,26,28,29,209461.0,20,34.19000006,1.0,0.0,9.548316870443663e-05,-0.9707516818296256
1121177,2017-08-20,2017-08-20,1178,144547,30-34,M,26,28,29,26316.0,2,3.24000001,3.0,0.0,7.599939200486396e-05,-0.07407407693187018
1121181,2017-08-20,2017-08-20,1178,144549,30-34,M,27,32,29,41030.0,3,5.140000105,2.0,1.0,7.3117231294175e-05,-0.6108949495828853
1121182,2017-08-20,2017-08-20,1178,144549,30-34,M,27,28,33,876671.0,120,216.5599982,22.0,4.0,0.0001368814526772301,-0.8984115248297966
1121183,2017-08-21,2017-08-21,1178,144549,30-34,M,27,32,29,399392.0,53,93.07000041,5.0,0.0,0.00013270170659402292,-0.9462769960462709
1121184,2017-08-22,2017-08-22,1178,144549,30-34,M,27,31,29,283858.0,30,56.05999923,1.0,0.0,0.00010568664613997139,-0.9821619690735768
1121185,2017-08-23,2017-08-23,1178,144549,30-34,M,27,28,29,260699.0,31,54.09999871,5.0,2.0,0.00011891108136203054,-0.9075785560217438
1121193,2017-08-23,2017-08-23,1178,144552,30-34,M,28,34,29,57781.0,5,7.800000072,2.0,1.0,8.653363562416712e-05,-0.7435897459566074
1121195,2017-08-23,2017-08-23,1178,144552,30-34,M,28,34,33,38757.0,3,5.220000029,1.0,0.0,7.740537193281214e-05,-0.8084291198382291
1121196,2017-08-23,2017-08-23,1178,144552,30-34,M,28,29,29,1392288.0,206,358.5500029,31.0,7.0,0.00014795789376910524,-0.9135406505389265
1121197,2017-08-23,2017-08-23,1178,144552,30-34,M,28,30,32,1109387.0,159,280.9899995,13.0,2.0,0.00014332239335777326,-0.953735008280962
1121202,2017-08-28,2017-08-28,1178,144554,30-34,M,29,32,34,581281.0,65,115.1200008,10.0,5.0,0.00011182199314961266,-0.9131341215209582
1121203,2017-08-23,2017-08-23,1178,144554,30-34,M,29,35,33,1048861.0,128,219.770002,22.0,8.0,0.0001220371431486155,-0.8998953460445435
1121205,2017-08-23,2017-08-23,1178,144554,30-34,M,29,32,30,297452.0,30,52.01999986,4.0,1.0,0.00010085660879738579,-0.9231064972940198
1121206,2017-08-23,2017-08-23,1178,144554,30-34,M,29,34,31,227925.0,22,35.30999994,22.0,12.0,9.652297905012614e-05,-0.3769470394397287
1121207,2017-08-23,2017-08-23,1178,144554,30-34,M,29,34,31,374175.0,38,63.32000101,8.0,3.0,0.00010155675820137636,-0.873657614144122
1121211,2017-08-23,2017-08-23,1178,144556,30-34,M,30,32,31,223586.0,32,54.24000037,1.0,0.0,0.0001431216623581083,-0.9815634219546743
1121213,2017-08-22,2017-08-22,1178,144556,30-34,M,30,31,35,283170.0,39,65.22999996,2.0,1.0,0.00013772645407352473,-0.9693392610573903
1121215,2017-08-22,2017-08-22,1178,144556,30-34,M,30,31,34,41636.0,3,4.210000038,1.0,0.0,7.20530310308387e-05,-0.762470310932572
1121216,2017-08-22,2017-08-22,1178,144556,30-34,M,30,32,34,198658.0,30,48.60999978,8.0,1.0,0.0001510132992378862,-0.835424808965099
1121220,2017-08-22,2017-08-22,1178,144558,30-34,M,31,37,35,100596.0,10,13.91999972,4.0,2.0,9.940753111455723e-05,-0.7126436723807635
1121223,2017-08-22,2017-08-22,1178,144558,30-34,M,31,37,35,64020.0,5,11.0599997,1.0,0.0,7.810059356451109e-05,-0.9095840843467654
1121224,2017-08-23,2017-08-23,1178,144558,30-34,M,31,32,33,14289.0,0,0.0,1.0,0.0,0.0,0.0
1121229,2017-08-22,2017-08-22,1178,144561,30-34,M,32,36,37,404866.0,43,87.42000079,4.0,0.0,0.00010620797992422184,-0.9542438805324563
1121231,2017-08-22,2017-08-22,1178,144561,30-34,M,32,36,35,22256.0,1,1.659999967,1.0,1.0,4.4931703810208485e-05,-0.39759034947016964
1121233,2017-08-22,2017-08-22,1178,144561,30-34,M,32,34,36,57690.0,4,6.74000001,1.0,0.0,6.933610677760443e-05,-0.8516320476978753
1121241,2017-08-27,2017-08-27,1178,144562,30-34,M,36,40,37,24952.0,5,8.220000267,3.0,2.0,0.00020038473869830073,-0.6350365082050186
1121242,2017-08-27,2017-08-27,1178,144562,30-34,M,36,37,39,38900.0,3,5.580000043,1.0,0.0,7.712082262210797e-05,-0.8207885318469701
1121243,2017-08-22,2017-08-22,1178,144562,30-34,M,36,42,42,53520.0,6,9.2299999,1.0,1.0,0.00011210762331838565,-0.8916576369627046
1121244,2017-08-22,2017-08-22,1178,144562,30-34,M,36,41,41,181683.0,20,34.22999972,2.0,1.0,0.00011008184585239125,-0.9415717202348841
1121245,2017-08-22,2017-08-22,1178,144562,30-34,M,36,37,40,29185.0,2,3.149999976,1.0,0.0,6.85283536063046e-05,-0.6825396801209372
1121246,2017-08-22,2017-08-22,1178,144562,30-34,M,36,41,38,105047.0,13,20.2099994,3.0,1.0,0.0001237541291041153,-0.851558629932468
1121250,2017-08-22,2017-08-22,1178,144565,30-34,M,63,67,64,287976.0,31,59.43999982,3.0,2.0,0.00010764785954385087,-0.9495289365900944
1121251,2017-08-23,2017-08-23,1178,144565,30-34,M,63,65,69,212175.0,22,38.58999968,2.0,1.0,0.00010368799340167315,-0.9481731014100905
1121252,2017-08-23,2017-08-23,1178,144565,30-34,M,63,69,67,11139.0,0,0.0,1.0,1.0,0.0,0.0
1121254,2017-08-22,2017-08-22,1178,144565,30-34,M,63,64,65,124005.0,11,21.84999979,4.0,1.0,8.870610056046127e-05,-0.816933636684488
1121255,2017-08-22,2017-08-22,1178,144565,30-34,M,63,64,67,20423.0,1,1.960000038,1.0,0.0,4.896440287910689e-05,-0.48979592825905854
1121261,2017-08-22,2017-08-22,1178,144567,30-34,M,64,67,65,103001.0,14,22.32000005,1.0,0.0,0.00013592101047562644,-0.9551971327168522
1121262,2017-08-30,2017-08-30,1178,144567,30-34,M,64,66,67,447420.0,66,110.2399991,7.0,2.0,0.00014751240445219258,-0.9365021765498182
1121263,2017-08-30,2017-08-30,1178,144567,30-34,M,64,66,69,156101.0,19,29.75000048,2.0,2.0,0.00012171606844286712,-0.9327731103283666
1121264,2017-08-30,2017-08-30,1178,144567,30-34,M,64,70,67,93015.0,12,18.47000015,1.0,0.0,0.00012901144976616675,-0.9458581487883745
1121265,2017-08-22,2017-08-22,1178,144568,30-34,M,65,70,68,145398.0,23,36.24000025,1.0,0.0,0.00015818649499993123,-0.9724061812058072
1121269,2017-08-22,2017-08-22,1178,144568,30-34,M,65,67,67,296413.0,50,76.43999958,3.0,1.0,0.0001686835597628984,-0.9607535319664636
1121273,2017-08-22,2017-08-22,1178,144569,30-34,M,2,4,4,9370.0,0,0.0,1.0,1.0,0.0,0.0
1121274,2017-08-22,2017-08-22,1178,144569,30-34,M,2,4,7,63785.0,7,11.80000019,6.0,2.0,0.00010974367014188289,-0.491525431916116
1121275,2017-08-22,2017-08-22,1178,144569,30-34,M,2,8,3,118522.0,14,26.81999981,2.0,1.0,0.00011812153018005096,-0.9254287839609049
1121276,2017-08-22,2017-08-22,1178,144569,30-34,M,2,5,5,240123.0,38,65.67000115,5.0,4.0,0.00015825222906593704,-0.9238617342402773
1121277,2017-08-23,2017-08-23,1178,144570,30-34,M,7,9,13,169108.0,20,32.24000025,2.0,1.0,0.00011826761596139745,-0.9379652610269443
1121278,2017-08-23,2017-08-23,1178,144570,30-34,M,7,13,10,1044442.0,142,245.5999999,22.0,8.0,0.00013595776500753513,-0.9104234527322571
1121279,2017-08-24,2017-08-24,1178,144570,30-34,M,7,10,13,93891.0,11,17.6400001,5.0,3.0,0.00011715712901130034,-0.7165532895887002
1121282,2017-08-24,2017-08-24,1178,144570,30-34,M,7,11,10,185823.0,25,38.54999936,4.0,1.0,0.0001345366289425959,-0.8962386493798375
1121284,2017-08-24,2017-08-24,1178,144571,30-34,M,66,68,70,175631.0,23,40.75999951,1.0,0.0,0.00013095638013790276,-0.9754661429827873
1121285,2017-08-24,2017-08-24,1178,144571,30-34,M,66,68,70,37187.0,4,6.370000005,1.0,0.0,0.00010756447145507839,-0.8430141288516373
1121286,2017-08-24,2017-08-24,1178,144571,30-34,M,66,67,69,10991.0,0,0.0,1.0,0.0,0.0,0.0
1121287,2017-08-24,2017-08-24,1178,144571,30-34,M,66,69,69,344618.0,51,89.76000047,3.0,1.0,0.00014798994829057102,-0.9665775402819581
1121289,2017-08-24,2017-08-24,1178,144572,35-39,M,10,14,13,98066.0,9,16.1500001,1.0,0.0,9.177492708991904e-05,-0.9380804957394396
1121290,2017-08-24,2017-08-24,1178,144572,35-39,M,10,13,12,770749.0,100,189.1299984,13.0,3.0,0.0001297439244163794,-0.9312642092212908
1121291,2017-08-24,2017-08-24,1178,144572,35-39,M,10,16,14,52553.0,5,8.529999852,1.0,0.0,9.514204707628489e-05,-0.8827667037103719
1121292,2017-08-23,2017-08-23,1178,144572,35-39,M,10,15,16,362296.0,39,67.77000129,7.0,3.0,0.0001076467860533928,-0.8967094604285789
1121293,2017-08-23,2017-08-23,1178,144572,35-39,M,10,16,13,427729.0,50,96.8999989,4.0,1.0,0.00011689644611424524,-0.958720329768755
1121296,2017-08-23,2017-08-23,1178,144573,35-39,M,15,17,19,180351.0,21,37.13000011,1.0,1.0,0.00011643960942828152,-0.9730676004029778
1121297,2017-08-23,2017-08-23,1178,144573,35-39,M,15,16,16,187329.0,29,53.15999961,2.0,1.0,0.00015480785142716824,-0.962377727338738
1121300,2017-08-23,2017-08-23,1178,144573,35-39,M,15,16,17,782894.0,118,192.9299995,5.0,2.0,0.0001507228309324123,-0.9740838645469442
1121302,2017-08-23,2017-08-23,1178,144574,35-39,M,16,17,22,1206533.0,128,236.1199988,17.0,6.0,0.00010608909992515746,-0.9280027101202916
1121303,2017-08-23,2017-08-23,1178,144574,35-39,M,16,19,21,84494.0,7,12.57000017,2.0,0.0,8.284611925107108e-05,-0.8408910124939163
1121304,2017-08-23,2017-08-23,1178,144574,35-39,M,16,17,20,94257.0,7,12.5800004,1.0,1.0,7.426504132319085e-05,-0.9205087465656996
1121309,2017-08-23,2017-08-23,1178,144575,35-39,M,18,24,20,131060.0,16,28.04999959,2.0,1.0,0.0001220814893941706,-0.928698751185971
1121310,2017-08-23,2017-08-23,1178,144575,35-39,M,18,21,19,341603.0,50,83.48000121,4.0,2.0,0.0001463687379794674,-0.9520843322709387
1121311,2017-08-30,2017-08-30,1178,144575,35-39,M,18,20,24,140749.0,19,30.4799999,1.0,1.0,0.0001349920780964696,-0.9671916009422297
1121312,2017-08-30,2017-08-30,1178,144575,35-39,M,18,19,21,102525.0,13,20.29999983,2.0,1.0,0.00012679834186783711,-0.9014778316872528
1121316,2017-08-28,2017-08-28,1178,144576,35-39,M,19,23,23,447952.0,68,131.5799983,8.0,1.0,0.0001518019787834411,-0.9392004856105853
1121317,2017-08-28,2017-08-28,1178,144576,35-39,M,19,25,23,76355.0,9,14.62999988,2.0,0.0,0.00011787047344640168,-0.8632945990154034
1121319,2017-08-28,2017-08-28,1178,144577,35-39,M,20,26,26,256598.0,38,64.46999931,6.0,1.0,0.0001480915673543831,-0.9069334564259979
1121321,2017-08-28,2017-08-28,1178,144577,35-39,M,20,21,21,127476.0,21,30.15000057,3.0,2.0,0.000164736891650193,-0.9004975143189524
1121322,2017-08-28,2017-08-28,1178,144577,35-39,M,20,22,24,237603.0,37,62.25000024,5.0,2.0,0.00015572193953780045,-0.9196787151691102
1121327,2017-08-28,2017-08-28,1178,144578,35-39,M,21,22,22,271091.0,42,78.03999984,3.0,1.0,0.00015492952550988414,-0.961558175215906
1121330,2017-08-28,2017-08-28,1178,144578,35-39,M,21,23,22,21743.0,2,3.400000095,1.0,0.0,9.198362691440924e-05,-0.7058823611591694
1121333,2017-08-28,2017-08-28,1178,144579,35-39,M,22,25,25,88970.0,10,14.8300004,2.0,0.0,0.00011239743733842868,-0.8651382369483955
1121334,2017-08-28,2017-08-28,1178,144579,35-39,M,22,24,26,108362.0,13,22.42999983,1.0,1.0,0.00011996825455417951,-0.9554168520918799
1121335,2017-08-28,2017-08-28,1178,144579,35-39,M,22,25,23,188596.0,27,44.14000034,3.0,0.0,0.00014316316358777492,-0.9320344364093406
1121336,2017-08-27,2017-08-27,1178,144579,35-39,M,22,24,24,275080.0,43,69.65999997,4.0,3.0,0.0001563181619892395,-0.9425782371271512
1121337,2017-08-27,2017-08-27,1178,144580,35-39,M,23,28,28,64647.0,10,16.26999998,1.0,0.0,0.00015468621900474887,-0.9385371849275196
1121338,2017-08-27,2017-08-27,1178,144580,35-39,M,23,27,24,31265.0,4,5.789999902,1.0,0.0,0.00012793858947705101,-0.8272884254014276
1121340,2017-08-27,2017-08-27,1178,144580,35-39,M,23,27,28,140147.0,24,42.08000016,2.0,0.0,0.00017124876023032957,-0.9524714830704506
1121341,2017-08-27,2017-08-27,1178,144580,35-39,M,23,26,27,223120.0,40,67.66999984,1.0,0.0,0.00017927572606669058,-0.9852224028023583
1121342,2017-08-28,2017-08-28,1178,144580,35-39,M,23,29,27,104869.0,18,34.07000089,1.0,0.0,0.00017164271615062603,-0.9706486652809712
1121344,2017-08-28,2017-08-28,1178,144581,35-39,M,24,27,27,165177.0,23,41.71999967,4.0,1.0,0.0001392445679483221,-0.9041227221562919
1121345,2017-08-27,2017-08-27,1178,144581,35-39,M,24,29,29,84194.0,11,19.56999981,1.0,0.0,0.0001306506401881369,-0.948901379166646
1121347,2017-08-27,2017-08-27,1178,144581,35-39,M,24,25,28,220581.0,31,57.37,1.0,1.0,0.00014053794297786302,-0.9825692870838417
1121350,2017-08-29,2017-08-29,1178,144582,35-39,M,25,27,31,75804.0,10,17.36999965,2.0,1.0,0.00013191915993878952,-0.8848589498964095
1121352,2017-08-29,2017-08-29,1178,144582,35-39,M,25,30,29,368986.0,59,100.289999,0.0,0.0,0.0001598976654940838,-1.0
1121353,2017-08-30,2017-08-30,1178,144582,35-39,M,25,30,27,28194.0,3,3.709999919,2.0,0.0,0.00010640561821664184,-0.4609164302787684
1121355,2017-08-29,2017-08-29,1178,144583,35-39,M,26,29,27,99961.0,14,23.2099998,1.0,0.0,0.0001400546213023079,-0.9569151224206387
1121359,2017-08-29,2017-08-29,1178,144583,35-39,M,26,28,27,7573.0,0,0.0,1.0,0.0,0.0,0.0
1121361,2017-08-30,2017-08-30,1178,144584,35-39,M,27,28,33,685781.0,103,177.8899992,10.0,1.0,0.00015019372073592007,-0.9437854851595278
1121364,2017-08-30,2017-08-30,1178,144584,35-39,M,27,30,28,274222.0,43,66.7700001,2.0,1.0,0.0001568072583527215,-0.9700464280814042
1121365,2017-08-30,2017-08-30,1178,144584,35-39,M,27,33,31,110503.0,25,32.67999995,4.0,0.0,0.0002262382016777825,-0.8776009790048974
1121367,2017-08-30,2017-08-30,1178,144585,35-39,M,28,31,29,1447755.0,233,420.5799983,11.0,8.0,0.00016093883288263554,-0.9738456416271283
1121368,2017-08-30,2017-08-30,1178,144585,35-39,M,28,33,31,358987.0,52,87.55000067,1.0,0.0,0.00014485204199594972,-0.9885779555414366
1121369,2017-08-30,2017-08-30,1178,144585,35-39,M,28,33,31,826205.0,125,232.3700008,5.0,1.0,0.00015129417033302872,-0.9784825924913454
1121370,2017-08-29,2017-08-29,1178,144585,35-39,M,28,33,32,550954.0,84,150.1400012,3.0,0.0,0.000152462819037524,-0.9800186494203917
1121372,2017-08-29,2017-08-29,1178,144585,35-39,M,28,34,34,378350.0,55,96.48000073,4.0,0.0,0.0001453680454605524,-0.9585406304961167
1121373,2017-08-29,2017-08-29,1178,144586,35-39,M,29,32,33,492784.0,56,95.5100013,7.0,4.0,0.0001136400532484821,-0.9267092461027953
1121374,2017-08-29,2017-08-29,1178,144586,35-39,M,29,34,35,327158.0,43,72.3100003,6.0,2.0,0.00013143496414576444,-0.9170239251126099
1121375,2017-08-29,2017-08-29,1178,144586,35-39,M,29,31,35,9921.0,0,0.0,1.0,0.0,0.0,0.0
1121377,2017-08-29,2017-08-29,1178,144586,35-39,M,29,34,30,59390.0,5,9.209999919,5.0,3.0,8.418925745074928e-05,-0.4571118301874113
1121378,2017-08-29,2017-08-29,1178,144586,35-39,M,29,33,33,1040330.0,147,254.2500038,13.0,2.0,0.0001413013178510665,-0.9488692239697029
1121379,2017-08-29,2017-08-29,1178,144587,35-39,M,30,31,35,49422.0,6,11.17000031,1.0,0.0,0.00012140342357654485,-0.9104744877128835
1121380,2017-08-29,2017-08-29,1178,144587,35-39,M,30,35,32,131091.0,18,34.23000026,3.0,1.0,0.00013730919742774102,-0.912357581734941
1121381,2017-08-29,2017-08-29,1178,144587,35-39,M,30,31,36,95691.0,15,25.26000011,1.0,1.0,0.00015675455371978557,-0.9604117183038287
1121390,2017-08-29,2017-08-29,1178,144588,35-39,M,31,32,36,15513.0,1,1.289999962,1.0,0.0,6.44620640752917e-05,-0.22480617871522077
1121391,2017-08-20,2017-08-20,1178,144589,35-39,M,32,33,33,382537.0,63,113.9900012,4.0,3.0,0.00016468995156024123,-0.9649092029310374
1121394,2017-08-20,2017-08-20,1178,144589,35-39,M,32,37,33,461356.0,64,121.0999982,6.0,3.0,0.0001387215079027909,-0.9504541693709125
1121395,2017-08-23,2017-08-23,1178,144589,35-39,M,32,38,34,392541.0,53,98.70000017,3.0,2.0,0.00013501774336948242,-0.9696048632742368
1121398,2017-08-23,2017-08-23,1178,144590,35-39,M,36,39,38,35088.0,5,8.800000072,1.0,1.0,0.00014249886000911993,-0.8863636372933884
1121400,2017-08-23,2017-08-23,1178,144590,35-39,M,36,38,41,53933.0,6,9.929999948,3.0,1.0,0.00011124914245452691,-0.6978851947925508
1121403,2017-08-24,2017-08-24,1178,144591,35-39,M,63,65,68,228861.0,33,53.38999939,4.0,2.0,0.0001441923263465597,-0.9250796020659029
1121405,2017-08-24,2017-08-24,1178,144591,35-39,M,63,66,69,20959.0,2,3.769999981,1.0,1.0,9.542440001908489e-05,-0.7347480092732658
1121410,2017-08-24,2017-08-24,1178,144592,35-39,M,64,68,70,24992.0,2,3.190000057,1.0,0.0,8.002560819462228e-05,-0.6865203817769086
1121411,2017-08-24,2017-08-24,1178,144592,35-39,M,64,70,65,100351.0,15,24.17999995,2.0,1.0,0.00014947534155115546,-0.9172870138901716
1121412,2017-08-24,2017-08-24,1178,144592,35-39,M,64,68,70,292448.0,43,76.89999968,2.0,1.0,0.00014703468650837073,-0.9739921975510729
1121413,2017-08-23,2017-08-23,1178,144592,35-39,M,64,67,69,65060.0,7,14.5200001,1.0,1.0,0.00010759299108515216,-0.9311294770583369
1121414,2017-08-23,2017-08-23,1178,144592,35-39,M,64,70,66,133316.0,21,36.17000055,2.0,0.0,0.00015752047766209607,-0.944705557932318
1121415,2017-08-23,2017-08-23,1178,144593,35-39,M,65,66,71,113501.0,26,38.44000077,5.0,4.0,0.00022907287160465545,-0.8699271618146744
1121418,2017-08-23,2017-08-23,1178,144593,35-39,M,65,71,70,192810.0,41,61.92999995,4.0,3.0,0.0002126445723769514,-0.9354109477921936
1121421,2017-08-21,2017-08-21,1178,144594,35-39,M,2,8,6,233404.0,43,70.4100008,2.0,1.0,0.00018422991893883567,-0.971594944222753
1121422,2017-08-23,2017-08-23,1178,144594,35-39,M,2,7,7,128843.0,24,37.5999999,2.0,0.0,0.00018627321623991992,-0.9468085104968311
1121423,2017-08-23,2017-08-23,1178,144594,35-39,M,2,5,7,63564.0,12,20.59000027,2.0,0.0,0.00018878610534264677,-0.9028654699478544
1121425,2017-08-23,2017-08-23,1178,144594,35-39,M,2,8,7,85970.0,14,24.78000021,1.0,1.0,0.00016284750494358497,-0.9596448752411048
1121428,2017-08-23,2017-08-23,1178,144595,35-39,M,7,9,13,131232.0,16,29.53999937,1.0,1.0,0.000121921482565228,-0.9661475957573793
1121429,2017-08-23,2017-08-23,1178,144595,35-39,M,7,13,9,152454.0,22,37.84999979,1.0,1.0,0.0001443058233959096,-0.9735799205931779
1121430,2017-08-23,2017-08-23,1178,144595,35-39,M,7,10,9,28989.0,2,2.290000021,1.0,0.0,6.899168650177653e-05,-0.5633187812970767
1121433,2017-08-24,2017-08-24,1178,144596,35-39,M,66,69,72,80248.0,15,24.1900003,1.0,1.0,0.00018692054630645,-0.9586606040678718
1121437,2017-08-24,2017-08-24,1178,144596,35-39,M,66,68,68,38580.0,5,8.519999981,1.0,0.0,0.00012960082944530845,-0.882629107719478
1121439,2017-08-25,2017-08-25,1178,144597,40-44,M,10,11,15,621591.0,91,163.36,5.0,1.0,0.00014639851606603057,-0.9693927522037219
1121440,2017-08-25,2017-08-25,1178,144597,40-44,M,10,15,11,250499.0,36,58.14000005,3.0,1.0,0.00014371314855548325,-0.9484004128410729
1121442,2017-08-25,2017-08-25,1178,144597,40-44,M,10,15,14,131637.0,18,29.30999982,2.0,1.0,0.0001367396704573942,-0.9317639026856875
1121443,2017-08-25,2017-08-25,1178,144597,40-44,M,10,12,15,463813.0,69,116.3399996,4.0,2.0,0.00014876685215808958,-0.9656180160413204
1121444,2017-08-25,2017-08-25,1178,144597,40-44,M,10,13,12,211767.0,35,60.89999914,5.0,1.0,0.0001652759872879155,-0.9178981926008611
1121446,2017-08-25,2017-08-25,1178,144598,40-44,M,15,17,17,163181.0,26,40.02000093,1.0,1.0,0.00015933227520360826,-0.9750124943337926
1121451,2017-08-25,2017-08-25,1178,144599,40-44,M,16,20,18,1117385.0,147,260.0699984,11.0,2.0,0.00013155716248204513,-0.9577036948987807
1121452,2017-08-25,2017-08-25,1178,144599,40-44,M,16,21,22,1663441.0,205,359.4700001,17.0,6.0,0.00012323851582352486,-0.9527081536838379
1121453,2017-08-25,2017-08-25,1178,144599,40-44,M,16,18,17,455248.0,54,105.7099996,5.0,2.0,0.00011861666608090535,-0.9527007849879889
1121454,2017-08-25,2017-08-25,1178,144599,40-44,M,16,22,20,75589.0,6,10.66000009,1.0,1.0,7.93766288745717e-05,-0.9061913703980091
1121455,2017-08-24,2017-08-24,1178,144599,40-44,M,16,21,22,594267.0,82,143.3000009,3.0,2.0,0.000137985114435094,-0.9790648989451611
1121456,2017-08-24,2017-08-24,1178,144599,40-44,M,16,22,22,315281.0,35,65.02999854,1.0,0.0,0.00011101208128621769,-0.9846224815861729
1121464,2017-08-24,2017-08-24,1178,144601,40-44,M,19,23,25,363456.0,71,117.5599997,7.0,1.0,0.000195346892058461,-0.9404559372417215
1121466,2017-08-24,2017-08-24,1178,144601,40-44,M,19,23,25,438983.0,81,143.4300001,3.0,1.0,0.00018451739589004585,-0.9790838736811798
1121467,2017-08-24,2017-08-24,1178,144601,40-44,M,19,20,24,42563.0,5,9.659999847,1.0,1.0,0.00011747292249136574,-0.8964803296233427
1121469,2017-08-25,2017-08-25,1178,144602,40-44,M,20,26,21,399035.0,75,124.7999995,7.0,3.0,0.00018795343766837497,-0.9439102561855379
1121471,2017-08-24,2017-08-24,1178,144602,40-44,M,20,21,26,304680.0,59,98.55000019,3.0,0.0,0.00019364579230668241,-0.9695585997542756
1121472,2017-08-24,2017-08-24,1178,144602,40-44,M,20,21,25,140596.0,23,40.77000022,1.0,0.0,0.00016358929130273978,-0.9754721610349798
1121473,2017-08-24,2017-08-24,1178,144602,40-44,M,20,25,22,439986.0,80,134.8799999,4.0,3.0,0.00018182396712622674,-0.97034400946793
1121474,2017-08-21,2017-08-21,1178,144602,40-44,M,20,26,26,75803.0,11,19.3599999,2.0,2.0,0.00014511299025104547,-0.8966942143424288
1121477,2017-08-21,2017-08-21,1178,144603,40-44,M,21,27,22,7073.0,0,0.0,1.0,0.0,0.0,0.0
1121481,2017-08-19,2017-08-19,1178,144604,40-44,M,22,27,25,153586.0,28,43.01000035,2.0,0.0,0.00018230828330707225,-0.9534991866141661
1121482,2017-08-19,2017-08-19,1178,144604,40-44,M,22,24,24,180815.0,31,42.62999976,1.0,0.0,0.00017144595304593093,-0.976542340942298
1121483,2017-08-19,2017-08-19,1178,144604,40-44,M,22,26,23,253169.0,51,75.78999984,1.0,0.0,0.000201446464614546,-0.9868056471551511
1121484,2017-08-19,2017-08-19,1178,144604,40-44,M,22,28,27,34453.0,5,7.710000038,1.0,1.0,0.00014512524308478217,-0.8702983145173364
1121487,2017-08-19,2017-08-19,1178,144605,40-44,M,23,25,26,51550.0,8,14.03999984,1.0,0.0,0.00015518913676042676,-0.928774927963247
1121489,2017-08-19,2017-08-19,1178,144605,40-44,M,23,28,24,110018.0,24,39.85999966,1.0,0.0,0.00021814612154374738,-0.9749121924603649
1121493,2017-08-19,2017-08-19,1178,144606,40-44,M,24,28,30,137584.0,21,36.77999961,1.0,0.0,0.00015263402721246656,-0.9728113102065364
1121497,2017-08-19,2017-08-19,1178,144606,40-44,M,24,25,27,209825.0,30,54.86999953,1.0,0.0,0.0001429762897652806,-0.9817751046370384
1121499,2017-08-19,2017-08-19,1178,144607,40-44,M,25,27,31,264222.0,63,87.7899996,1.0,1.0,0.0002384358607534573,-0.9886091809482136
1121510,2017-08-19,2017-08-19,1178,144608,40-44,M,26,30,31,31202.0,5,6.730000019,1.0,0.0,0.00016024613806807256,-0.8514115903154799
1121511,2017-08-18,2017-08-18,1178,144609,40-44,M,27,29,32,252991.0,49,76.83999932,3.0,0.0,0.00019368277922930064,-0.9609578341157122
1121514,2017-08-18,2017-08-18,1178,144609,40-44,M,27,31,30,56265.0,9,15.53999972,1.0,0.0,0.00015995734470807785,-0.9356499344904751
1121523,2017-08-18,2017-08-18,1178,144611,40-44,M,29,32,34,76923.0,11,17.67000008,2.0,2.0,0.000143000143000143,-0.8868138092277813
1121524,2017-08-18,2017-08-18,1178,144611,40-44,M,29,30,35,209332.0,30,49.60000014,3.0,1.0,0.00014331301473257793,-0.9395161292029787
1121525,2017-08-18,2017-08-18,1178,144611,40-44,M,29,32,33,214094.0,31,53.26999903,1.0,0.0,0.00014479621101011705,-0.981227707561308
1121526,2017-08-19,2017-08-19,1178,144611,40-44,M,29,35,32,526209.0,85,126.9299996,3.0,2.0,0.00016153277500004752,-0.9763649254750333
1121527,2017-08-19,2017-08-19,1178,144611,40-44,M,29,35,35,741143.0,120,179.620001,4.0,1.0,0.00016191207364840522,-0.9777307650722037
1121528,2017-08-19,2017-08-19,1178,144611,40-44,M,29,33,31,172827.0,25,38.42000043,2.0,0.0,0.0001446533238440753,-0.9479437798642419
1121530,2017-08-19,2017-08-19,1178,144612,40-44,M,30,36,33,188873.0,38,58.5999999,1.0,1.0,0.0002011933945031847,-0.9829351535544969
1121532,2017-08-19,2017-08-19,1178,144612,40-44,M,30,35,32,123126.0,25,39.72999978,2.0,1.0,0.000203044036190569,-0.9496602061144034
1121535,2017-08-20,2017-08-20,1178,144613,40-44,M,31,33,32,77794.0,14,19.11000001,1.0,1.0,0.00017996246497159165,-0.9476713762701877
1121541,2017-08-21,2017-08-21,1178,144614,40-44,M,32,33,37,56630.0,9,15.81000018,1.0,1.0,0.00015892636411795867,-0.9367488938257558
1121544,2017-08-21,2017-08-21,1178,144614,40-44,M,32,33,36,400844.0,85,140.9700022,4.0,2.0,0.0002120525690792428,-0.9716251689183842
1121545,2017-08-20,2017-08-20,1178,144614,40-44,M,32,33,35,208572.0,36,60.76000023,2.0,1.0,0.00017260226684310455,-0.9670836077612043
1121548,2017-08-21,2017-08-21,1178,144615,40-44,M,36,38,37,59004.0,8,13.51000011,1.0,0.0,0.00013558402820147786,-0.9259807555989724
1121551,2017-08-21,2017-08-21,1178,144615,40-44,M,36,40,39,196253.0,32,55.10000002,1.0,0.0,0.0001630548322828186,-0.9818511796799089
1121554,2017-08-21,2017-08-21,1178,144616,40-44,M,63,64,66,51858.0,8,12.63000011,1.0,1.0,0.0001542674225770373,-0.9208234369524483
1121557,2017-08-21,2017-08-21,1178,144616,40-44,M,63,68,64,280764.0,49,81.36000025,2.0,1.0,0.00017452379934749469,-0.975417895847413
1121561,2017-08-21,2017-08-21,1178,144617,40-44,M,64,69,70,63660.0,11,16.47000003,1.0,1.0,0.00017279296261388626,-0.9392835459515175
1121562,2017-08-20,2017-08-20,1178,144617,40-44,M,64,65,67,109289.0,19,31.02999997,1.0,0.0,0.00017385098225804977,-0.967773122753245
1121568,2017-08-20,2017-08-20,1178,144618,40-44,M,65,70,70,188440.0,40,60.72999966,2.0,1.0,0.00021226915729144556,-0.9670673470904478
1121571,2017-08-20,2017-08-20,1178,144619,40-44,M,2,3,5,212496.0,44,74.83000135,2.0,1.0,0.000207062721180634,-0.9732727520524093
1121572,2017-08-20,2017-08-20,1178,144619,40-44,M,2,6,3,32574.0,5,7.480000019,1.0,0.0,0.00015349665377294776,-0.866310160767394
1121575,2017-08-20,2017-08-20,1178,144619,40-44,M,2,4,5,128595.0,23,36.4800005,1.0,1.0,0.00017885609860414478,-0.9725877196739622
1121577,2017-08-20,2017-08-20,1178,144620,40-44,M,7,9,11,242234.0,48,68.06000054,2.0,0.0,0.0001981555025306109,-0.9706141642061175
1121584,2017-08-20,2017-08-20,1178,144621,40-44,M,66,67,67,33154.0,5,7.879999995,1.0,1.0,0.00015081136514447728,-0.8730964466199851
1121585,2017-08-20,2017-08-20,1178,144621,40-44,M,66,72,68,9773.0,1,1.460000038,1.0,0.0,0.00010232272587741738,-0.3150685109776689
1121589,2017-08-20,2017-08-20,1178,144622,45-49,M,10,16,11,464036.0,77,123.5500004,3.0,1.0,0.00016593540156367178,-0.9757183327374558
1121590,2017-08-20,2017-08-20,1178,144622,45-49,M,10,16,15,478480.0,75,135.7500012,3.0,1.0,0.00015674636348436715,-0.9779005526815421
1121592,2017-08-20,2017-08-20,1178,144622,45-49,M,10,14,11,428812.0,66,116.8800001,4.0,2.0,0.00015391360316409055,-0.9657768651901293
1121593,2017-08-26,2017-08-26,1178,144622,45-49,M,10,16,16,1177535.0,221,365.6600009,15.0,3.0,0.00018768019634235925,-0.9589782859402711
